cwt_minus_temporal,gate_minus_temporal,gate_minus_cwt
-0.010302317911351944,0.008539750947126667,0.023137945933671022
-0.01575774559315124,0.00813631926656555,0.024184977320549916
-0.01462587429816764,0.008216831243375577,0.02024239457492749
-0.013815687512714225,0.007685129745435004,0.023764995588345328
-0.010893060369612129,0.011348953584424448,0.023663472947062503
-0.017477348287942895,0.008731463114877935,0.02272994750577617
-0.012171186534904566,0.008754027207379722,0.0246382541182818
-0.011033060023358021,0.008150304965775845,0.023244272341163108
-0.015189982276812786,0.00902349344952369,0.022379797472810492
-0.014871247525973796,0.010083172336387336,0.023796676028525088
-0.015698164037727724,0.009135606965499754,0.024406213769171625
-0.01597422246449587,0.007974235143254016,0.024971354480052055
-0.015656453091749234,0.008460592970003344,0.02431625269385551
-0.017216486380770668,0.009205800523690688,0.02421032526060307
-0.012383844784261133,0.009648027782459878,0.023937934240236047
-0.012425671347268907,0.00956560914147997,0.020429923663510374
-0.01470300818197201,0.008908598418591929,0.02414310623156768
-0.014192283212762336,0.006860961955027611,0.021006788244247954
-0.016035433772864538,0.007615336811028994,0.022252844972261654
-0.01647808231624015,0.008645079739217687,0.026157878038349125
-0.013116588767522197,0.008819617369437704,0.02405932271094202
-0.014637133869470964,0.008240262075423388,0.02373803804562369
-0.015076655660929084,0.010019695119961591,0.02344199827166249
-0.013327477083091566,0.00781669565177523,0.022392245878710693
-0.013621581468157173,0.008776748402143264,0.024255536680130252
-0.014719619322395183,0.009705843781631307,0.02350937465323466
-0.015133514775475199,0.00813451568485768,0.021135985348422315
-0.015469435510686025,0.008024945673936967,0.02503477827629852
-0.014080460592207467,0.00982092098578402,0.022218120729471935
-0.016943479637133385,0.009957534124411915,0.023359323736777737
-0.01466938673886864,0.007815124677490903,0.02597042773672875
-0.014562260003025296,0.008995321764648567,0.02239834132131302
-0.015277892130274973,0.009275731965175171,0.02118782161781485
-0.015250965511301784,0.008826857226185592,0.02016313021521665
-0.015472281035495472,0.007796103484845163,0.022470505800961882
-0.011790359951911022,0.008151976258013671,0.024367841182292738
-0.012672584716900137,0.008466831220302118,0.02516062662367724
-0.013473633000566254,0.007126605443802392,0.02378810634905848
-0.015508037976239897,0.008348576413536035,0.02331822262728922
-0.014688143171278645,0.008131842529852218,0.023931363167005393
-0.014874469456937156,0.010004465991483302,0.02338200829271153
-0.01413719292074167,0.007663964932640321,0.0233975749918357
-0.01622685761356979,0.00874777345665434,0.023422716650805864
-0.015023183642334903,0.009319821747084789,0.02305519519343746
-0.015247524331309381,0.008376177947692742,0.025005408236644655
-0.014306622887754417,0.008863053481767746,0.024060026910735166
-0.01520148960303691,0.007719767457059712,0.023970948993014662
-0.01990189181336033,0.008061241933137064,0.021109656122562992
-0.015259926022470283,0.007344009479957281,0.023768645485140905
-0.012985986659303173,0.0085127282657107,0.023484205214054255
-0.011966145400920336,0.006862644004123952,0.024499258337379093
-0.015725455163637436,0.009094098587460353,0.02299115319616385
-0.012644306509349335,0.009763482946030244,0.023324020358327924
-0.013182871248260453,0.008295756786803832,0.023688646773687982
-0.01754451009790925,0.007941586819609658,0.02381627519405416
-0.014536037456354678,0.007878493172001066,0.022808407987951695
-0.014618270976130998,0.007016050195272405,0.022154178190627816
-0.018386413920689848,0.009404244411003071,0.023405279501008458
-0.015108555281625247,0.007354548025638286,0.02231722575449724
-0.01458201650295532,0.006977080911575673,0.02245729779067629
-0.016935955083751897,0.008298685052464005,0.022818001701906954
-0.012498677160539429,0.006713133104812252,0.023087477894014108
-0.012558521748390672,0.006988441715619631,0.024975458595651423
-0.014067301758033945,0.008969757677095846,0.02082836774857888
-0.017226524062326165,0.008625823250494435,0.024358852820110632
-0.01489715252620083,0.008429312906138242,0.025083742633338346
-0.01555919024073149,0.007743787952645631,0.02419085932252585
-0.016691151954366545,0.007436345568436198,0.020601066229556153
-0.013503706497566603,0.008049168011040386,0.022682624866911305
-0.012915367504935604,0.009760938120311757,0.024696883431466032
-0.015352930233502815,0.008556706868311226,0.02203228646591704
-0.017346459302160167,0.007135622488082083,0.023307240303132915
-0.017230201448729332,0.01015144004299251,0.022318873127330274
-0.016326344111057045,0.0074585196383289976,0.020740632654326574
-0.01722088165361968,0.009352248929644813,0.02074178061149612
-0.015654361629492186,0.008296236999659978,0.021909412601549327
-0.011977613934578857,0.007852704881675332,0.024176157574906765
-0.013354581322401193,0.008826490981904689,0.021331500990549812
-0.015568038376787996,0.00806099477883171,0.021014633113421555
-0.014347030749961909,0.008217971842437444,0.02122442316784834
-0.012975694434774754,0.008889274580071382,0.023125117518093874
-0.013823441456086383,0.008676416728758629,0.02251516291369382
-0.017117223429894968,0.008832931016601098,0.02360723679937704
-0.016290971555878553,0.007942615134013953,0.02311477336576606
-0.01320469660210899,0.00865172070857867,0.027326161653403958
-0.014536578916860887,0.009183294237625983,0.019619616396091555
-0.014773917976556361,0.008190228329688187,0.024563257218169876
-0.016397445178417236,0.008395986385151932,0.024368458064375487
-0.01576817410388298,0.009532483711820805,0.025397274779294432
-0.014736878791478336,0.007565967954220376,0.023400377567700192
-0.015449501516158093,0.00922152025044154,0.022078409736557947
-0.01431747603899125,0.008541706255327908,0.024551769666488088
-0.012947846897506055,0.008318778702008478,0.024359035792907435
-0.011701039739249852,0.0073615948222792715,0.025175052206790394
-0.014667373257650773,0.007698980887963169,0.023067238612516916
-0.014222296988310124,0.00881976336557777,0.022506221081370015
-0.013522285871251594,0.008995820770123508,0.026147807601951678
-0.01346415536339729,0.008452063713969338,0.02395076453057643
-0.012911304760405362,0.0076492773193410635,0.02525307309450031
-0.012729865933577056,0.008879825559652055,0.022047288056743053
-0.016802705504187943,0.008988310415499412,0.024454844264616415
-0.012888860802582669,0.007659349803980642,0.022650096594252656
-0.01683286039587839,0.009586363864854563,0.023271962180296923
-0.018697475581921807,0.008179294539100046,0.02368123550065171
-0.016720037443838542,0.007750595678002514,0.024523952290940176
-0.014552430045970954,0.008333798094321887,0.025696119955201824
-0.01645033333704482,0.007361692120632646,0.022700363691474434
-0.011113869003306576,0.008708123476481977,0.024381224775127275
-0.014032045564762341,0.009192523599797497,0.024721783068092806
-0.015834458074112878,0.007689846063922645,0.02284925499662216
-0.014268062828593053,0.007895806110266967,0.01975005335413238
-0.013483795614097738,0.008405418679707455,0.023086708223573393
-0.016723226920167478,0.00831179185542652,0.022345488415830506
-0.011474804140370942,0.007064016896837444,0.02592819456952422
-0.012151194967259249,0.009896448178183803,0.024927390756461554
-0.01436110067761509,0.00846619322862141,0.02241235119094165
-0.01482109036018675,0.008229475699413014,0.026014427391165218
-0.018916112992311218,0.009118236246087763,0.02222132310545666
-0.015203794407358528,0.008381808253594691,0.023921277642813044
-0.012422849126947577,0.007927564355991401,0.024975190794954694
-0.01733864301721133,0.007995254030069843,0.023706614701789808
-0.010783279527101564,0.00798984467050945,0.022264999402395125
-0.015841146659787753,0.008119779600110011,0.022921754507584824
-0.014847671482847491,0.007973521977519105,0.02284674556831956
-0.014878206965463492,0.008610466565257546,0.026071417145730025
-0.015152863549243945,0.008390025002219526,0.021282813036758386
-0.014643941835476237,0.008243475385453114,0.02217401847304734
-0.017181077410395207,0.007538136016604136,0.021828192290760273
-0.01499222757927754,0.009914301060159336,0.02441867719468893
-0.013943961277569583,0.007694930515260157,0.022371704832161776
-0.013584183880036238,0.009034319136676405,0.020377156119885553
-0.014141856604480973,0.009432915457560198,0.02329019904508578
-0.016894043564069205,0.008307768106773028,0.023779710661716358
-0.016105861167579283,0.00930373039223198,0.023111281948570594
-0.01669298093974514,0.009424150067788295,0.020752726449074
-0.014838998864274311,0.009623037703191173,0.022908958146832248
-0.012530545555371031,0.010657606978447642,0.024400687852064284
-0.012173560297226937,0.00835074390335866,0.023409221408958625
-0.013152664389542212,0.008912917195094239,0.021892828426093525
-0.0168011917453329,0.009704245186659799,0.022375696587346283
-0.015276365837826766,0.00858224512719441,0.02004574470865428
-0.013930933319664662,0.007165609440631826,0.023690541158891354
-0.016208469424698002,0.009604695104475813,0.022789215607475266
-0.015857283595468008,0.007598797137908897,0.024118267404665716
-0.012350143747766884,0.00826178261010535,0.024530334969315004
-0.01142724230396397,0.01114287347965226,0.022406051053977638
-0.012887921449463047,0.0070378624100189136,0.021368939936340703
-0.01597866969823547,0.007222438650777208,0.023479988762123982
-0.012600202787192094,0.008634630776652719,0.02529384886469621
-0.011480208203914488,0.0071750251980803315,0.02331132896900956
-0.014022522471363041,0.009963862647610844,0.024551223023744573
-0.014683308514542248,0.00912366708741652,0.02104426593371933
-0.015419848017640292,0.007726837952494403,0.02220955083629106
-0.018032538837639,0.009942974996136389,0.023641692531771064
-0.012301370395081501,0.008447454380786423,0.023373141254998564
-0.014686293717328547,0.006680963159093833,0.02586955493493648
-0.01507292466684751,0.008003376268740259,0.022940910153883776
-0.016131867946411416,0.008492591363420288,0.02449807614962496
-0.014416866963982145,0.007622652721558598,0.02365420225491932
-0.013475877062393282,0.008540018766333146,0.02321797273635262
-0.015657228990364147,0.008057451727876419,0.021769559602205057
-0.013319457998938633,0.007130767503346291,0.024333691633751986
-0.014528962040572635,0.008843758722046346,0.025172884768365655
-0.014540866896109672,0.007453325567383207,0.026792788791189737
-0.014012244010848995,0.00793065926439629,0.021023950478357034
-0.015457419256652671,0.010202381905484503,0.024769542392369726
-0.015204213723289506,0.009095828766674696,0.022287812687781017
-0.014372490231727264,0.008864321225028338,0.02515930327045579
-0.01428445466674455,0.008407687733076652,0.02454079269837728
-0.01626652864337874,0.00934566219295474,0.02109751048083741
-0.014255461552990956,0.008575482082327945,0.020569896146950817
-0.012202318314572858,0.007278559534803941,0.024212989016851982
-0.013884364506663749,0.009965588413898607,0.024291108974915376
-0.017351471833908505,0.009248343722773722,0.023881768414314553
-0.013502811360999178,0.008498822174212828,0.020341824387966057
-0.014787211120314891,0.007710801660794742,0.022099316544739067
-0.013399213306775404,0.009594712543433914,0.02254611348658686
-0.014775121463112217,0.007049546808642115,0.022985561561088996
-0.012934015631136053,0.009379050958173485,0.019931126951184486
-0.015420097418669565,0.009441090008802555,0.021439461523257486
-0.012365776311300314,0.007324740786928907,0.022616933209652967
-0.013538588927027195,0.008980059323092981,0.02330658271335495
-0.016628448605658486,0.00919529082138737,0.02332693003874664
-0.013268154997596815,0.008791655956147504,0.02182342753649824
-0.014137900236878664,0.007965019690142405,0.021822872674153837
-0.015908028216602532,0.0076267788645529855,0.024257318925272386
-0.01530923445540655,0.008800273221889365,0.02338812986235772
-0.01783805413886419,0.009661054630250243,0.02308615186075147
-0.015385802107653168,0.008453178192480593,0.02475123870516327
-0.013590703198422927,0.007913921473384877,0.023790349358522755
-0.014245572684400853,0.00894831219741754,0.023682434329275748
-0.01639021316581979,0.008399845555521979,0.02242324418449937
-0.014692922560901933,0.007204799990572774,0.021231765423508242
-0.014625907538979965,0.008024368322669062,0.025552413861002488
-0.01712439185995618,0.00756728142031049,0.024085599899180687
-0.014994238725036357,0.00865441150729851,0.020772351395544675
-0.012833679548963195,0.007803510350646081,0.02019509464432223
-0.014038097841116759,0.009504630991118646,0.023491820486118975
-0.014120996983555623,0.009146669788570705,0.02298842191500816
-0.01371544472280628,0.007212675813315195,0.02279357327916587
-0.017566387816573714,0.0071790967345410905,0.024080439796724362
-0.015180445555615374,0.008936483627238756,0.025507206506257596
-0.018162271394968732,0.009678359067177622,0.021691957111938165
-0.015244439625364037,0.009818880379236616,0.025793621198519245
-0.01662789889929206,0.007861636876026479,0.025470248569844367
-0.011388240904454672,0.008629503386517912,0.023134788778136683
-0.014316099208495303,0.008352499055511609,0.02245137215028803
-0.014422012063281753,0.006884195127588755,0.0244797399940343
-0.009966082910837448,0.009196491757318404,0.02418348941899029
-0.013491214673639229,0.006177182210182819,0.022552680480744436
-0.012446713266906495,0.008445539869001428,0.022884783119024976
-0.014283485322135858,0.010188926951825716,0.022642418043383405
-0.016476596376151842,0.009378936938488569,0.024891018296704925
-0.015247840968882875,0.008755725600475661,0.021572406508986064
-0.017225369260052137,0.009368473216523121,0.02474204529333257
-0.014192719154509703,0.007847799702733749,0.023837342001867823
-0.014846923216295549,0.00951658003950917,0.023091502333579927
-0.0178962539858476,0.008053542048900186,0.02381124228352227
-0.014145135350970395,0.007584003760662594,0.024695402144708445
-0.016999592522954576,0.009030577922467642,0.02134889742637458
-0.013837034796880143,0.008312708898471355,0.02291314531351374
-0.01614737369929664,0.0076393091618846,0.0254543213221069
-0.015899954772221947,0.00732549145137229,0.024065695319885116
-0.013305098205609878,0.008108628197835532,0.0255655171971364
-0.01621579277266283,0.009010573961392043,0.021240983836704586
-0.013683171148038076,0.006576375060479145,0.023743692620794565
-0.015340397302322506,0.007634157254632679,0.02625364204948999
-0.017621181075270886,0.009881862573996703,0.022926307528711387
-0.013361231720397604,0.009147233886266815,0.02521157992452583
-0.017116504648717723,0.009701189152113265,0.018651737310457994
-0.01711312617456051,0.009691329465954523,0.02449127953952901
-0.012921568250681581,0.00833500034685708,0.025171742489942472
-0.01671299384212488,0.0076914931347764615,0.024168371331594884
-0.0124549621286838,0.009361696615491799,0.023739376722273442
-0.01723996089219826,0.008108717635344154,0.023453303584354823
-0.01383732388332548,0.010036774849775054,0.02210908678171053
-0.014167704149987914,0.008047983925142166,0.02230338868399928
-0.015755779081155774,0.008794593829236974,0.024346721247871628
-0.01567600870872865,0.010934852829355357,0.02513573686293835
-0.012895786021535627,0.00832280969102106,0.021990935363599085
-0.016044016755597745,0.010116569795960095,0.023494257871072066
-0.016530037201186176,0.008237246201307724,0.02351003963834508
-0.014924035282194992,0.00799283590721278,0.023678754195714524
-0.015960599739859083,0.008017288136713985,0.023663032394077188
-0.0166333556182493,0.008981780240788662,0.02183793591150074
-0.015631530901076385,0.007715649565012916,0.021239683306231383
-0.01505686730001754,0.0091158329360701,0.026426307420085005
-0.013283160127326665,0.008028982744539337,0.02237844321686633
-0.013223026249637115,0.008835398347155965,0.02607874670337007
-0.01741347760939016,0.009248396073613052,0.020366261936625274
-0.012937084105853591,0.008106231874646763,0.02203966647969391
-0.015585231743082795,0.008291505955785872,0.02348603242051306
-0.014415441431381959,0.00826684702701419,0.02216035209064171
-0.01587666448171876,0.008219803281151128,0.022667989774257102
-0.01674509039819716,0.009401311535887191,0.024552897889286274
-0.014147720220973103,0.008345011615207731,0.021148510712813984
-0.011507788189589196,0.010068751627709704,0.024090574936088682
-0.016094280406476424,0.010572500532009532,0.023368544372242672
-0.01126915947322793,0.007687540400091675,0.022663042143340917
-0.015586204235019219,0.008455866946334933,0.022516035970526427
-0.012471707434524304,0.0076087488155505145,0.024036416905313995
-0.01643736998304235,0.00858096384939755,0.02205982042378496
-0.013529281853409403,0.008609486623220808,0.022631332811638427
-0.010462693490621677,0.00895123355719496,0.024068752070513066
-0.013657261189966907,0.007745786162699497,0.02506183062095424
-0.016062776715568883,0.00876227050725209,0.02308405749637099
-0.013562846042499022,0.00741072765090478,0.023677084623112243
-0.01767821704585848,0.006542795909309063,0.02447843995024812
-0.015692522540527776,0.00827003317988273,0.023485946210966557
-0.013455372516843367,0.007338598722535727,0.02390306326281899
-0.01009945758413544,0.008308234782419821,0.02159817245112472
-0.011539740627853456,0.007777909423232643,0.02323617247305687
-0.013498954475214986,0.007678443281439851,0.023220667321544153
-0.015084357726098618,0.008714258681303821,0.022726571087287817
-0.011254618457822274,0.008431541186977087,0.022854911032796354
-0.01597875517092262,0.009946863670874162,0.023424625661421228
-0.014163494843925317,0.007242407022026498,0.020381276115493896
-0.014472854326401996,0.009050076347081104,0.022099941501295794
-0.015172319514249688,0.007660093687770431,0.02453552300095907
-0.013737477915348628,0.009271195657483688,0.023794561475162457
-0.01613243869091774,0.00751236226120644,0.021984438435804554
-0.013845093326877889,0.007932668803994014,0.022223878278899045
-0.016920179397510893,0.007961475447777477,0.02426388455466666
-0.0134863388411961,0.0099812848414631,0.02408708065216625
-0.014916235666326716,0.006561881425865224,0.022637524789228425
-0.015672355594850917,0.00825088697187426,0.02601472649715242
-0.012984416043436586,0.008663034556311566,0.02550485613381326
-0.01327241825290193,0.009744004966013908,0.022463748104619263
-0.01275493472533229,0.00800738383290367,0.023388170666600372
-0.01625673251729831,0.00866406220799898,0.021337739079767992
-0.012789946168141109,0.008004574642273998,0.023302716321561223
-0.016178738847589802,0.010008663424315056,0.022804935332076615
-0.012672846082730782,0.009022195467637717,0.023069064939366002
-0.01347492765152658,0.007577253539580497,0.024247257578792314
-0.016134513325705813,0.007651962297322679,0.022889568481309963
-0.012587062999647292,0.0071890054909280465,0.02353309676067661
-0.011416024017909199,0.009827024065546253,0.0232537957548532
-0.014734075541677272,0.008761209200587539,0.02568255317006629
-0.014827893599376751,0.008304019400584117,0.025270590918707092
-0.013645673868355024,0.006801009251343637,0.025793333391291418
-0.014982556806951819,0.00828296698848996,0.02470054416261569
-0.016792161872277833,0.008098505828723401,0.022054010297756554
-0.01462334466316162,0.007760692004803338,0.02046143771703335
-0.01735290393788036,0.010326630363425515,0.02307686497348116
-0.013576264739012522,0.00813518857019424,0.020519749599213877
-0.015769549144833417,0.006174829257533654,0.02285167051786363
-0.014013419760158796,0.007913291581339355,0.023926305570636797
-0.015709748449057037,0.007227811443377807,0.022550234458900476
-0.017117457564896466,0.00813290017620516,0.022546174430033705
-0.013786718444474877,0.008408335069526984,0.0239535663179693
-0.016083623335409136,0.0090312223896305,0.023439722627419557
-0.012609580499493678,0.009356982500438926,0.02378721304697229
-0.015358042979389919,0.009190339376069723,0.02123261443597879
-0.016507390104476438,0.010119806273944043,0.022644843041474072
-0.015880177458344247,0.0074804783873274605,0.02336068601032626
-0.01549777347811565,0.008433176995267133,0.02661008704408352
-0.016222183419629332,0.008894791360549048,0.023032135797486086
-0.013851177379645141,0.007685867194511475,0.021836768221416336
-0.016188651982507296,0.008654016609951798,0.024277497320908337
-0.01413136822270522,0.00843622371962316,0.023329267565920908
-0.015338708233199383,0.009472583113624422,0.021950031748893983
-0.014210833935297318,0.006876140687290033,0.024223164060404256
-0.015343216485200872,0.007215021346399397,0.02349173766085
-0.014789472469468379,0.00980296284742943,0.025662183699286634
-0.014516671706811035,0.00932093306790538,0.02237480483759735
-0.015319714610784518,0.008445216246147247,0.021630782015922723
-0.010850350832469657,0.0088689539062079,0.02209972403118865
-0.016475520325367254,0.008661070752995825,0.02333885598685892
-0.01472967745523912,0.010293768717075769,0.023443512571216463
-0.013378647335756444,0.008387965377814832,0.023859136898533917
-0.015923490952584385,0.009224789639679098,0.023352684747353747
-0.014128828077325406,0.008872146594452679,0.024734585332242376
-0.01584116035350125,0.008387838080677779,0.022653221420089964
-0.016487021363498222,0.008927705437996036,0.023141491950816495
-0.015737197914805212,0.006595916076966191,0.021536879041529344
-0.014235789253612352,0.008496713264840361,0.025811597247465512
-0.013690977727599196,0.008786480127807805,0.023648063241272332
-0.017188036834095866,0.008810832018939285,0.02119928156525741
-0.011353773108459864,0.009557673197466032,0.022496885396357857
-0.015015328416663865,0.008227551825231494,0.02118630576173197
-0.01330721384127953,0.008128394498061242,0.020621781977606557
-0.012950288584619996,0.007932570128455163,0.022650608199844213
-0.013443266645575602,0.007632938796888311,0.022048802427225067
-0.014027788126721119,0.007752474241168428,0.026158749693045102
-0.013040941013573337,0.00954928365300134,0.02560141910730085
-0.013968636283321234,0.007520207243822186,0.027542243925629206
-0.016148936953622517,0.008871171188120641,0.025665267765550115
-0.017544931181449064,0.010346935790721878,0.022631303999877228
-0.015153302521864642,0.007930929194790881,0.024072904881631052
-0.013366857200834081,0.008882291329738834,0.022926434940225615
-0.013939464358447506,0.00784608369706108,0.022739333237616677
-0.010545491366039328,0.00933405132944376,0.02549390095307691
-0.013229081079725202,0.008744696839856125,0.023390221180306425
-0.017615967810681754,0.008503031116910753,0.02059327806195521
-0.012706789089782067,0.007552053694637184,0.026059787763173192
-0.01707073307526108,0.007751758364375916,0.023500469664860524
-0.013876876738723842,0.009937586470585957,0.024083488812536524
-0.01563778749847633,0.011486118767788267,0.024348539328884033
-0.016070521805702898,0.00906800243208461,0.025565023205276094
-0.014633685853271516,0.008290701438138037,0.0225524382618022
-0.01370115528146898,0.008927251524153301,0.021294053852737527
-0.021421337794960027,0.007474088545472823,0.024343443895890826
-0.016185217189104262,0.007763577564511848,0.022728492906002984
-0.016033790263359715,0.009029005833731452,0.02080993395281272
-0.014033576987203755,0.007901123193105875,0.025130529544144964
-0.014100639266643844,0.006701569125060591,0.025749765691124527
-0.012644492712214128,0.009319193534108039,0.02343646827150614
-0.013923522023586377,0.009288714178831592,0.022509269806276544
-0.018039561274732496,0.00840218100529122,0.025070980635421347
-0.01604456166879409,0.008130986047538813,0.022550345707420094
-0.01352380604478709,0.00846630312774399,0.022588756258026366
-0.014273002783365296,0.00687870698820281,0.022851851636940035
-0.015504113832930044,0.007995860462913451,0.02321408687542048
-0.014425581641306695,0.008617495300149103,0.021359977603206626
-0.014503273802374261,0.007508400389590997,0.02099255510103548
-0.01551790257519381,0.009185978285073948,0.023661968700868896
-0.013887345024792275,0.00781100585213812,0.024448197870271637
-0.014377351288943574,0.00861410594846268,0.021047584808456365
-0.012699374563834964,0.006877340219895611,0.024103933157409885
-0.012607488518374343,0.0074568299176317465,0.024908250261135856
-0.0159981120713677,0.010359249420826,0.023651068214431636
-0.014700595244298897,0.007785875372476769,0.021848492192948377
-0.012697981471319508,0.008767833794464108,0.02368590465028042
-0.01114750852362556,0.00810974219178584,0.023457423476225148
-0.013394916972821025,0.00843303670888873,0.021827861430319007
-0.013016362395976588,0.00832650560858783,0.022688326831977634
-0.014828056741039153,0.008535368980360447,0.02184822251689944
-0.016050406417990937,0.00691740367939031,0.023440687362455415
-0.011584953106052898,0.009221829439380325,0.0204816057552768
-0.012984123560049188,0.0076948461103212296,0.02251558297091638
-0.015824022781546265,0.007465239748684405,0.024207247998985548
-0.014285531175994293,0.006695463961497228,0.02370940388775178
-0.015996524573807402,0.007731941481507132,0.02457185245601634
-0.01324942861139633,0.007678390766969745,0.02383856636096049
-0.012326934948959423,0.009429448407776375,0.02311602186374684
-0.015844767510403646,0.00810448614986703,0.024527193643502976
-0.01680789349542977,0.007873091483041272,0.02377394498829366
-0.015463918192881732,0.008175751573554768,0.023301011290595697
-0.011681666994346585,0.00867800992326917,0.02323288851544325
-0.01730528470690329,0.006861126133086315,0.024531673791221564
-0.013667775990546804,0.009233528402623592,0.023903331901094504
-0.015101139732522917,0.00696913356284512,0.025313856862220097
-0.013864581212657767,0.007907498242157085,0.022732821696748062
-0.015255502751697292,0.009019917873823724,0.02286971723579445
-0.01746145562331758,0.007648225795413799,0.023505348302660156
-0.01440084037600231,0.010019815942341137,0.024208177370788064
-0.016228425152300496,0.008999609645247153,0.023252678528104864
-0.015498969261886986,0.007606842954887116,0.02284034188030637
-0.014797136539343336,0.008548507341061273,0.02346345463914945
-0.014043960504977582,0.008850297031779086,0.024342184184814375
-0.019228164520613045,0.00901723306068225,0.025375264515977825
-0.0170168982706429,0.010115116224308829,0.020737094177094906
-0.0153823254380977,0.007649573259883358,0.02155379164499671
-0.01379295775256395,0.00889267814102046,0.020816890201479477
-0.018385479599010934,0.00755111925647034,0.022754954492139712
-0.01482157664793049,0.008690114085578626,0.02311574120923654
-0.015313852089161362,0.008435940668412467,0.02054829358881638
-0.013551915881084398,0.007681879443407036,0.02464706861793242
-0.012232137900883733,0.008717197389277676,0.022899549266213626
-0.01447678063087765,0.009879229731748485,0.021588458036626568
-0.016858967009230952,0.009344380114631234,0.02091561472456771
-0.014917371520480782,0.006377045167284989,0.022575200830827313
-0.015313458791364032,0.007811069699196871,0.024064209551014293
-0.012601861490996624,0.008238664582575828,0.022185997390805068
-0.012591421389116175,0.008704863671863294,0.022924278761056738
-0.01381656834543843,0.009077482922133728,0.020609245012051303
-0.015970757186829165,0.010117916269450133,0.023239126578696978
-0.013579668825789093,0.008518337191273151,0.023494295269713472
-0.01650884767226224,0.00973617261054649,0.025197191320210477
-0.017410354068418177,0.009755356255763958,0.02195531972279985
-0.016696330997597042,0.00845475024196074,0.02214007655272865
-0.011155926126878324,0.00826638443147254,0.0229291595269574
-0.016209230245665895,0.008837096440384884,0.022404614480125873
-0.015038754028379286,0.00934372485663082,0.02141466478409615
-0.013987512758973586,0.008346307235938988,0.02425959912006681
-0.014858597875410995,0.010063191935484217,0.021019414820269144
-0.014320800715041604,0.00869274680346055,0.024238938591741088
-0.011425639047021208,0.008560931613055822,0.024748161675445468
-0.01624943614185337,0.008580026371692084,0.02011223597479117
-0.01622608377856327,0.006810940298289769,0.024418849755282412
-0.013995734219007128,0.008843653017011843,0.022960082260541914
-0.016489574610101365,0.006321777677630536,0.0226500217854132
-0.011629753029636869,0.007487404462225511,0.02373234564638904
-0.011120937324596514,0.008848139122198506,0.024158567741968007
-0.014323783468605522,0.008689066554539937,0.02337964201664
-0.013378319408512529,0.007673254894744352,0.025562164008521737
-0.012990428830073841,0.008491770965820211,0.02539867518732808
-0.016802340362173762,0.009240114824140111,0.023671550651087392
-0.016518544188127815,0.008078943901255964,0.021311689905255338
-0.01470841970018033,0.009049798485840532,0.022787616782284248
-0.014313371502211458,0.007114592732605729,0.02389293261673553
-0.015398879237851881,0.007933533613752708,0.020916915494796795
-0.016600379417105127,0.009850388035889224,0.022558738707613935
-0.013545827461569293,0.0075181488097897375,0.02252006332548473
-0.011599197209923418,0.00797469607974044,0.0226585024349939
-0.01845823183636841,0.008992473250970412,0.023428799905945596
-0.011271087778862987,0.009731108821767753,0.02321823002758061
-0.014811885113181877,0.009394605206736184,0.02413727196092552
-0.013451737206478631,0.008313268326225143,0.026912383097049575
-0.017150791869374182,0.008941539997545989,0.02352584520003742
-0.016218648574680916,0.007454424653416947,0.020913605212633524
-0.015468458968186716,0.007944754268974785,0.022970428374716523
-0.016026481704526474,0.009091453141488182,0.02362369708651857
-0.017556354860181034,0.007741254773832362,0.024553272359259748
-0.01544306810022078,0.008866632351302028,0.023615586757717355
-0.015726751740909095,0.009125204392897768,0.021206327230630095
-0.01288010886613089,0.01044912103074025,0.021473697866049468
-0.012815512884037927,0.009219310257098878,0.019615560798689424
-0.013551722516705222,0.007401717651309148,0.024168097526841126
-0.015095422794829338,0.008888243328389889,0.02517042641292555
-0.01708329684802845,0.007504382174189472,0.020595800234404882
-0.01393872148234665,0.009273691177754229,0.023917103506332027
-0.012414543587411564,0.00847497523367291,0.02183953551450979
-0.015073017289797819,0.009675053577410497,0.02310929391375116
-0.015525775877677894,0.009059555708045619,0.02363976890836006
-0.01562673900816569,0.008356880872891437,0.021823020706778107
-0.014696682038698783,0.007632582932140974,0.02482231696626902
-0.013150151512284713,0.008983762965784736,0.02200135351144228
-0.01332436061408837,0.00903287677208886,0.021219116943662075
-0.013786709681390952,0.007979578551068456,0.022363743690120286
-0.013547889632313792,0.008905292026324507,0.024191526674877895
-0.011473563085072302,0.008537202426878276,0.0244597964939689
-0.014450578934933844,0.008703003578832025,0.023623247117752877
-0.014794049066250259,0.008074408551439038,0.02154214687621081
-0.01336836864965596,0.009361765880253614,0.02292406843683692
-0.014126691382392753,0.009403740787826353,0.024491529780697796
-0.01371308302057217,0.007446127434823979,0.02522137728058982
-0.012972797096002187,0.00833514125603696,0.02433891247676323
-0.016032777522364206,0.008239357101121114,0.022324435823165456
-0.014048978290533864,0.008003481605299179,0.024248049761013357
-0.01520072911954684,0.008546015133984342,0.02312874091299988
-0.015929885658769294,0.007254416439520628,0.022833084143530025
-0.01272909878633044,0.009043119686117485,0.021630496878661476
-0.017776853667889392,0.008403416658369633,0.024237680057647037
-0.010710423969337635,0.0075233396380176565,0.021814054830439633
-0.017588120621439884,0.007715003701290857,0.0227600121176339
-0.011536724222588446,0.008404851705551164,0.024069970410696473
-0.012938054956987965,0.007163994733226153,0.0198865582958464
-0.015596003191974739,0.008618819881785922,0.02460233216060259
-0.01628545575979623,0.008613848932817358,0.021735310751822
-0.012411318335832089,0.007519104874998739,0.02281923746505199
-0.013645171918298393,0.009375185034144806,0.02244711271242894
-0.013750457047941755,0.008474147924288022,0.02240945814922779
-0.014249007468425612,0.007425422080163169,0.022008429681065866
-0.016221553620689666,0.00854055517476815,0.02161586017219752
-0.013483286140034245,0.009526962391163019,0.02223801310507867
-0.01724782733341279,0.008391841636467556,0.022936100150644068
-0.014638688191998095,0.007520426595731711,0.022711578972655633
-0.012902315766656125,0.008042694474943546,0.022508819720822415
-0.01417202885484492,0.01045891041730762,0.020655919413980928
-0.016016885266997738,0.00839836260792759,0.02252141373401817
-0.015172257931617583,0.008209656214264838,0.022305042542649534
-0.014332809630332122,0.0092444809961989,0.020704931432701024
-0.014095744125886323,0.008151390284099835,0.021776112383983914
-0.01232579503758624,0.008134216100151415,0.02210945551937571
-0.013876870506050576,0.009276916749121233,0.024163638381036745
-0.012315192432070021,0.009546361704210637,0.024013769587481915
-0.018189526889422214,0.00859781430626172,0.022818442859644517
-0.017496447563734696,0.008691504201620015,0.02169634329186787
-0.01694728409507984,0.009335311752414532,0.022625365955369348
-0.012214748610187232,0.008568346410525618,0.02182961538934003
-0.015285178711529901,0.007331362593882895,0.02119220350942541
-0.01595545767144868,0.009396406627676712,0.02688476412967833
-0.01432625142857713,0.008493011234561365,0.025353042936678172
-0.01565604516162744,0.009004195803842485,0.02219830516070187
-0.014644985098613672,0.009757991510615294,0.0209672567549245
-0.013995593791096939,0.007223564045715225,0.02284475845831946
-0.016206324699263308,0.00985050747806071,0.023794640709246972
-0.014750032916802769,0.007296454443531886,0.022797871882014542
-0.015072601927497598,0.008524150200660108,0.02181529734447918
-0.015724454120756626,0.009265458631832146,0.025086646146016744
-0.015508008782740279,0.009571693485175281,0.023156138951826444
-0.01569931106027822,0.006459349909258449,0.022652432051393
-0.015932184650480186,0.00889423095749875,0.02311707994581269
-0.0144858005560915,0.00819729584816098,0.025535370218935594
-0.012603454006911652,0.008906920569846766,0.020936268249567402
-0.01565460204401159,0.007185081998654086,0.023083255593159047
-0.015363476598615922,0.007405625630155788,0.0230049756903713
-0.014246708345932668,0.007299522621121768,0.022138955762795454
-0.018109470287637208,0.007513447038762777,0.021469275003814903
-0.011277351284233905,0.008991965545723013,0.025228481178863227
-0.014345647801505379,0.008614127745310785,0.02116665541484053
-0.017796347055345052,0.007547289757310449,0.024300514987068755
-0.01599866627431934,0.009204303169064953,0.024887644456102365
-0.015826918677929847,0.008559229471068464,0.02458232117328607
-0.015934544545028517,0.007503194088792409,0.024916790318812
-0.014682908965054975,0.008648898721783094,0.02227629529481312
-0.015305213475151347,0.01071464930276389,0.021492973566882734
-0.012844139974636515,0.007486677816431309,0.021008914047225824
-0.013696852414045946,0.009474474220079188,0.019492785515926814
-0.014999450630179045,0.007385270644509667,0.02133688720221394
-0.017119485420745817,0.00816441928008893,0.023665655663911433
-0.016022303782504133,0.009350870720518989,0.023298330446854587
-0.015576267945807243,0.009608481111083256,0.021040948526612202
-0.013948150872275633,0.008186829401691909,0.020912574853292343
-0.015506927448242669,0.008474441294570534,0.022279516892733664
-0.01627051631938925,0.006876311001740465,0.021344635501013953
-0.014685053661898984,0.008673001807078973,0.020838762316158443
-0.01305919191383298,0.007663890471027668,0.021584751475948072
-0.013523945614003385,0.007862200046238277,0.024050425745377635
-0.01654016918312806,0.008050265292540937,0.023964999742678406
-0.014145617874721794,0.008670287698317014,0.022492669401665055
-0.016067482462576832,0.009586594731202491,0.021306659303747533
-0.013061161772190188,0.007709507569179985,0.023269419249879575
-0.012464422477095671,0.009165100680146976,0.02402122995203637
-0.01540947354886324,0.00912946839371287,0.023106221877904898
-0.015805412725294343,0.009115879425883322,0.02295445437938126
-0.016861244509345452,0.008417543777766823,0.021499485753486036
-0.016057958765079205,0.010006842189499987,0.02243464629533709
-0.017004584682846158,0.00765252728939203,0.021915864670937868
-0.012156300209719695,0.008501280103713538,0.026388364631869776
-0.016433761144868164,0.007465002961329792,0.022016472283886146
-0.01570999834268172,0.00689887479172846,0.022673583770363104
-0.016136598217551534,0.008417362489012259,0.02213158287024264
-0.019446710508424725,0.00752186096760743,0.022535695850789295
-0.013296606722405735,0.009448911879888722,0.022886477195657506
-0.015597921042543317,0.008684269052599114,0.02275863176276749
-0.013614605720320583,0.008623253423391541,0.025071365528980705
-0.016470274244822836,0.0071574981013183825,0.025888005349692045
-0.009629580971612595,0.008723114302232271,0.02257400604604909
-0.013668662805321974,0.009257852345799011,0.022616505756830607
-0.01436591081712335,0.009049280074009847,0.022854036093841734
-0.013479324766018985,0.008311445816373997,0.023851616689491095
-0.01666977720297691,0.008096994267110191,0.023744755603578915
-0.01667904933719666,0.009117881102645331,0.022194637418224694
-0.014063341218353398,0.008552721464473723,0.023238287918730283
-0.015165300161510076,0.005966864901395308,0.02057192866362656
-0.014751809076974376,0.006904757088901148,0.02425759862877097
-0.010418002958559658,0.009557777857990057,0.02170188398475259
-0.011831662551342381,0.01002640172831848,0.022560010484043658
-0.012930681409155098,0.009549589676355996,0.02295987134619104
-0.012822872070492153,0.008411645628314202,0.02151536934120102
-0.013431899548957404,0.007945710872081513,0.023264373543758987
-0.014042799864809052,0.00801361083836527,0.024889677069106608
-0.017124855817223228,0.008152230152716156,0.02468681961988306
-0.01441372676790742,0.009046757758106705,0.02295631705769685
-0.011565109941625518,0.008472100030569307,0.021622078285287505
-0.015670104393217033,0.01063182156076281,0.02268912660379019
-0.016276146451718043,0.007859593022664257,0.020493797447252438
-0.01211280987138652,0.007943679442246832,0.02011399790718804
-0.014898334225930454,0.008125303164214004,0.025284352335946614
-0.015191900709295325,0.007852507796944574,0.023427606505789456
-0.012224294832370641,0.007762778332121023,0.025456602817115925
-0.014355542906330343,0.008069715064402239,0.023152291366734246
-0.013762731103957981,0.008377363888901312,0.022704665840466154
-0.014595517148472403,0.008156778523445873,0.02389727726059665
-0.012929831625063892,0.007882471700814353,0.027558972344922328
-0.012946451212911603,0.007040193384603377,0.024720444511502015
-0.014808885310584885,0.008159614700441686,0.02614768935532863
-0.011479698372996006,0.009625804061076826,0.024072748887760675
-0.012902983646008725,0.008171521173353513,0.023488755315826282
-0.009824143261365603,0.008808616080406062,0.023413098399487575
-0.016890587305142146,0.006384385673266935,0.025042598519585457
-0.013489435344790746,0.006862295671973051,0.02495532234443909
-0.01116780714299248,0.006861135044787359,0.02500292473305943
-0.01363077779323596,0.007888507080662688,0.025080743509543257
-0.015265259468590475,0.010076278531330307,0.02449459998212944
-0.013551916935971242,0.008922004271038508,0.022516008154644607
-0.011243373814079471,0.008296385568957176,0.025094537568903008
-0.014113643463706915,0.00820642601272037,0.02339398570434792
-0.01329590647199963,0.0072128861807477795,0.023409151931106154
-0.01378974501778274,0.007993786703925032,0.023499332633840297
-0.012664842028985324,0.007681935428825892,0.02211392638086007
-0.0132701155376318,0.009366879873712541,0.022552736307268284
-0.013462852462930996,0.007552925721254766,0.022303985945292037
-0.013132448676021036,0.008130165025436509,0.023502050405040387
-0.01589805683037282,0.008540743116223326,0.021805939432282484
-0.015770888960249696,0.007535019665377063,0.022998878553962654
-0.015956385065673206,0.008414321995435237,0.022967505943971123
-0.011688374099245613,0.007364478425274434,0.02397515249679838
-0.015016143103661173,0.0076744372391869264,0.022277425646096805
-0.014681327390877685,0.009104212878969786,0.023332811823385535
-0.01641050882992423,0.009585445266493076,0.02314347685586282
-0.014741847615200032,0.007524988502393137,0.02314587486363906
-0.012104857433174465,0.009475973799604298,0.020132731576089302
-0.015095098683042596,0.00861572351621498,0.023883471216841423
-0.01335059815458628,0.009125384192720354,0.02322827885176515
-0.014376330669897519,0.007676498418717759,0.02578052646943818
-0.0179089510192334,0.009128202075148417,0.02588382035951542
-0.011084435878358612,0.010097832459334821,0.02111771984729216
-0.014689642818982662,0.007415451458288369,0.021427626003440836
-0.01495570552197345,0.008759111636617578,0.022078268298390435
-0.013328412949069501,0.008650768568531197,0.02298946095742005
-0.015221677646180543,0.008455599427826699,0.02163686180461899
-0.014055533089731842,0.009645204032010635,0.02347850669280349
-0.014512121554172697,0.008668920099899169,0.020349081077542852
-0.015588330299674769,0.00951516751768089,0.024634649178943646
-0.016523918360026757,0.009049184657903386,0.023235081378251143
-0.015295531379256211,0.007986285113934843,0.02402459654234912
-0.016471634570165428,0.00832506826241075,0.023036081395647612
-0.013035022564763521,0.008398855515153292,0.024742447089889485
-0.016824766891121445,0.009051299942149926,0.02458672120821903
-0.014442223051095548,0.007541412944471304,0.022420121045375607
-0.011584646881893979,0.009422521032584563,0.023802863057154178
-0.015753927045518035,0.008273880646105014,0.020700067981262227
-0.016290753264797786,0.008312654981610046,0.02363226198636792
-0.013957458225353991,0.007311817619870098,0.023525539042262067
-0.013991281345594131,0.009528601803391323,0.023578460508711263
-0.015222905394354225,0.008398851769833793,0.023179445506614882
-0.013464987106616477,0.008033573931042426,0.024702659891899903
-0.01518938659187874,0.00802204511152893,0.025810199857286498
-0.020212506152464393,0.007784769137352154,0.021146457337519187
-0.014953464907334735,0.008538839306828194,0.023634981040665082
-0.01684128778629168,0.008679911980489674,0.023512758405804246
-0.017605710246461515,0.009442901278057247,0.025201816636360785
-0.014166971768932113,0.01015151995722241,0.021350574640781494
-0.01420105134853189,0.009675946296811011,0.024848159208607834
-0.013863523355510443,0.008659049850025524,0.021954092755278265
-0.015026472824196557,0.008822241628737348,0.024403874735581588
-0.013690542148502183,0.009044580888832865,0.02203992284203604
-0.01866133513644863,0.007870694944856482,0.023661226176441508
-0.014626944061936431,0.00692589306303415,0.02334093502803536
-0.015651016385997862,0.009503455158402896,0.021004531933274895
-0.012223192300402252,0.009219921222697325,0.025958008487443562
-0.018124500866718907,0.009128147934987951,0.023482802283076865
-0.015889077152959397,0.008019997508886267,0.024028798734304857
-0.01512907158425103,0.008097730819889404,0.025397854803012043
-0.014399898984507664,0.008062269376055586,0.023311389622580947
-0.014319126365276658,0.006985713821888395,0.02179313546612982
-0.01366524437771588,0.006892798718634463,0.02347917112755571
-0.01362661663593523,0.00914903122260824,0.021781362837198115
-0.015353654790933091,0.00702684356412453,0.020661583877149448
-0.014685048032335168,0.00835657390952782,0.023342082064592207
-0.01671872223229387,0.00702456482188929,0.021740511493467563
-0.015938320684729,0.009699222297542498,0.024341335198844738
-0.015806127044275642,0.008841870978459343,0.02220497916192954
-0.011859581833184363,0.008441403421687421,0.023148583197629913
-0.01671960405703299,0.008985221408953303,0.02177846563927488
-0.016220223696201685,0.007760511724078767,0.025430570931639584
-0.013191249978226405,0.008490023374903677,0.021772395815961465
-0.013715875819058754,0.009338764042505221,0.024604830949932044
-0.016333907304902473,0.009250606799716343,0.02364868873703485
-0.012378422292387947,0.008360477054109805,0.02569706984945752
-0.016498709934705258,0.008412399968609652,0.022656072525441995
-0.017915006318895532,0.009168118346811527,0.023437205881663203
-0.013180974049590732,0.00802300670475764,0.022835268147559873
-0.015286759527147198,0.00908632264849496,0.023809630639813784
-0.010954323220351947,0.008960598363624617,0.025251014627384993
-0.01821139102678737,0.009660395832154611,0.022210878218360097
-0.014750964468799976,0.009568405998841234,0.02297438343988023
-0.01501139566102716,0.009922889516803868,0.024648017722104232
-0.014496836760934273,0.009009640690638143,0.024658807494123747
-0.018342128574013072,0.008823808812907452,0.02388566351136656
-0.014113653278823746,0.007470743598264162,0.02591638399652918
-0.014687168622655955,0.006672414011851591,0.02206974069236667
-0.016219363517568253,0.006262229510766604,0.020456857365256487
-0.014923197362002205,0.009448380108662224,0.026106913282436195
-0.01074624345116515,0.0068588432197187466,0.021202228655529676
-0.016874944869122555,0.008073631553358163,0.021763593222234534
-0.013746236966648007,0.008011939883867947,0.023332574040523357
-0.013240880585352666,0.009104677298956143,0.02660847872854155
-0.01868996694506153,0.009674757144862212,0.021264875537908234
-0.012092380052896035,0.00804516870473182,0.023798103577822638
-0.01230425821510639,0.008964475204383815,0.02760772757349239
-0.015104718280596674,0.007999602650502147,0.022862352828216137
-0.01609520172694623,0.008412307021013143,0.02367545519683334
-0.013706279022866252,0.008715168871365031,0.022346805901061195
-0.010887268999865918,0.009524472375838977,0.023281885139306513
-0.016743934011710482,0.009830390230364028,0.02487009500026871
-0.015376322553735888,0.007259586324840028,0.021785047925960255
-0.01656767718294805,0.007445760340909158,0.022553617160342654
-0.012954031066680693,0.008616982222436231,0.024805858992540064
-0.014051300372896813,0.00815749372390251,0.022231668869667764
-0.01476240763068859,0.008552806922000666,0.023046955175375805
-0.013584956636194856,0.00810223092269824,0.02257621336162985
-0.013058254930624957,0.008799339804925865,0.022197767814490788
-0.014554423269258043,0.008369042870116306,0.021213296281180627
-0.012411410135319434,0.008187546958795644,0.024721062453583964
-0.01358576095975339,0.009652353250052426,0.02236260562591863
-0.015205183837345149,0.009407893916577814,0.022957763579089074
-0.015513567419303764,0.009840147405472899,0.021339975178313875
-0.011938445757727623,0.00868730550100738,0.021766529729090545
-0.017847130117586207,0.009076138170595272,0.02307128869894881
-0.014535845039036932,0.007814439457993094,0.024065978122759124
-0.015765569792435707,0.009229679861278539,0.02136521527531099
-0.014906968002397547,0.007304884967991865,0.02501643302420975
-0.014480102510373016,0.0074972911543338405,0.023777471671449724
-0.01399086526139548,0.008674763105425476,0.025478871815540427
-0.012178759527806449,0.009359701430797784,0.025707899293812453
-0.013192790450344494,0.009255918739923152,0.022132963576505515
-0.01530907527002201,0.00951343652970571,0.025318885492515264
-0.014585200499768747,0.007887602114916792,0.025820374330842832
-0.014576538016725094,0.00853874299495383,0.021942752671485377
-0.012350778597553846,0.008045772035819687,0.02343216258484826
-0.013667200098427923,0.00844369070145834,0.023451266365084433
-0.014339799976661571,0.00946456459203604,0.022772335962761847
-0.013865926578483734,0.006430855273825364,0.022464729504115377
-0.013043811943637462,0.00828911024219714,0.020687286910594183
-0.015860799668373282,0.008258357084794277,0.026036830019117607
-0.01459347054402238,0.008730862395471495,0.023606901932000546
-0.012523227646349055,0.008916385601109189,0.024122050529903127
-0.016980391198938904,0.0076443605688433225,0.024821537931234205
-0.01417923451012737,0.009236935668740176,0.023550545306823545
-0.015508624297938978,0.009556795635420112,0.024109013117630473
-0.015644850731254878,0.009006539727452467,0.022323955584932498
-0.014557566582398151,0.007790627344893553,0.02390967677304745
-0.015587058451540625,0.006948449295785197,0.02356697694336851
-0.017133767876964634,0.008535541482242226,0.023357037366099287
-0.014713204790547052,0.006867056727961285,0.023151672945073143
-0.01481677066704068,0.008630749568476537,0.023625111389510844
-0.015876829000455395,0.007539364112211455,0.025484562951127998
-0.01478538935537732,0.007293965152366133,0.0246251588023777
-0.016979197767464038,0.006999587656027484,0.024244323947878232
-0.014949082908649824,0.007164829879472978,0.01980766216670693
-0.015440964309953564,0.009481631034680693,0.025239081780197514
-0.014675523372853161,0.00778045099881719,0.024504581019070937
-0.014494195926553988,0.007461882477180937,0.02354547565537768
-0.010844794920626732,0.009750810370406371,0.024330976484770006
-0.012737813287975519,0.009210402562999653,0.02283746671278719
-0.016543756020368505,0.008944499236338332,0.02570381348999251
-0.015754915334953434,0.010087916498300542,0.0238721677694943
-0.017312651512393473,0.006793786328802787,0.02257788485384149
-0.01612495816827575,0.008452830434828695,0.02106501078262779
-0.013219218317905845,0.009433281958315054,0.021875988978296013
-0.009386848885672205,0.009632423649974298,0.026901456976460736
-0.013882361585475844,0.008329437763365921,0.02231024792641556
-0.01671406993755875,0.009829967960775288,0.02435407931246114
-0.013857150164737209,0.007999549030502706,0.025185809380598445
-0.01577125481070696,0.00898787084058239,0.024449532226290094
-0.013594088686060601,0.007026714915148058,0.02312416196746614
-0.014194420061595991,0.009218825459079483,0.022487358957170245
-0.016915366336222926,0.008810462232392902,0.0246521532382441
-0.01726534685676484,0.0072779901641207845,0.022892522435037588
-0.01463136527236475,0.007526322702858912,0.02415783702472396
-0.014345829931205034,0.008795401180968221,0.021902983201860238
-0.013294912130027314,0.007679107571890276,0.020641460905051034
-0.01623239942728283,0.007573764969238228,0.024154232333478243
-0.015144563327627703,0.008280954884264613,0.020880508270033737
-0.016246694620501545,0.008470162245801882,0.02335222290923311
-0.013019203719614958,0.008884755152233414,0.021673993800637614
-0.01798666756121825,0.00673537968246718,0.023246198699057752
-0.014895536358722872,0.00756343919762692,0.022358140277956573
-0.011963580935412943,0.007448937566237102,0.023898273959400362
-0.01834459821849954,0.008628244979830058,0.0265285255407256
-0.01576876979460462,0.007902802265741804,0.02340710802964996
-0.01498736381350041,0.00667049712046619,0.020033997496234246
-0.013379138657343081,0.010159703251059304,0.02378591906733507
-0.015657838410475855,0.010045594466622676,0.02190945558015933
-0.01381523511405447,0.008769466323051867,0.02536720231977163
-0.014510772257467552,0.007207537880060122,0.024380352211310186
-0.015884729392982133,0.007678069449932212,0.023804991321900282
-0.015470170388130366,0.007935680057120642,0.023112635989747332
-0.015517479886588137,0.008121262546947339,0.02653315321770011
-0.013784629625172795,0.00988346727035716,0.02232519721339854
-0.014140153088959218,0.007605407227392003,0.02387863732878137
-0.016055195553161705,0.008175960765561707,0.022877376001898875
-0.01664247059980073,0.01079035410959206,0.020775420832132463
-0.015489235098216647,0.007044378433896825,0.024060859332576845
-0.017656272480716884,0.008651406026164765,0.02543355325511676
-0.015444683000970016,0.008251693403102167,0.0259903459110028
-0.01298244788559022,0.008294522854496056,0.023856946585121497
-0.015307424026036354,0.008310027854446789,0.02524502173328569
-0.017457262913398552,0.009200969814729731,0.025714556392324672
-0.01408200464130982,0.008787474472464751,0.025860742673237347
-0.013735710068176643,0.009306570392542568,0.023386268833191837
-0.013556030370870054,0.008593236746499255,0.022410196964088747
-0.013386803543627868,0.008475407424470949,0.024308592075478308
-0.013070010792638476,0.009768926052838967,0.02159187913113636
-0.01301841466996545,0.008278828249807968,0.023219010227670478
-0.016710484396668113,0.007682140802889981,0.022659458437854663
-0.014137530607261972,0.007853266398238246,0.024187660937386113
-0.012423807545941523,0.007311092667477204,0.024187848329598083
-0.013144629032518229,0.008210399780881228,0.021878896086933164
-0.012947485685975368,0.009222012896350273,0.022906877360045708
-0.013162364225506762,0.008752068873854824,0.022252502786528683
-0.014023872475329657,0.006833406209382775,0.02259756031493876
-0.015462888791822227,0.008937088807867366,0.024710306521981695
-0.013579224461858885,0.01071290370004696,0.02450492057910647
-0.015879618034050136,0.010056294625848006,0.022510356316498226
-0.01475316192565368,0.00788766664609386,0.026548023841810764
-0.015081801724517008,0.007361364138619542,0.023134850124853612
-0.014381105297540109,0.0075820838341472685,0.022725854112441657
-0.014323864038725431,0.010268035809007592,0.02327287406263223
-0.014009397147759839,0.00794479433318962,0.023215744607522404
-0.014506566636934837,0.00885763552630836,0.024483915520351895
-0.010984493510061588,0.008626056774534652,0.02320259558047566
-0.014790501710809312,0.009492540014337525,0.025847345064308636
-0.015016432772484656,0.007444390851742644,0.023309086106895083
-0.014178686708406052,0.00851929025204079,0.02364801706875752
-0.012974582100158893,0.008977179123408341,0.021809120325891884
-0.015789757951543026,0.00889355092519828,0.023537173971154957
-0.013903314958502166,0.010093342683946571,0.02177810600936103
-0.014951089468242862,0.010511548371448076,0.02463094433204427
-0.013587864616510403,0.0072256190199445625,0.02443469941115539
-0.010753392643255033,0.008394557221836352,0.020221054512052694
-0.012456084048947713,0.007240177219669852,0.022971662058700826
-0.011826507425904853,0.009854132045901576,0.02549353327538373
-0.01473762537083545,0.007850893808604598,0.019728534699102296
-0.018407944164832823,0.006882340642168638,0.024246265399506917
-0.012710278936443942,0.008032042656377691,0.02066213091184499
-0.01700229023897415,0.009078756339818805,0.02465824813560613
-0.015282601669424856,0.007231257606933661,0.02573644945682685
-0.015011355758544509,0.008223344427933155,0.022337687462299582
-0.01492750561023548,0.00754600276106443,0.020199209960208186
-0.011444774055097473,0.008717136722405483,0.02359638729490776
-0.013930751031799415,0.008227192600867461,0.023321660575898573
-0.01713903800189731,0.007492681248242206,0.024783559495563545
-0.015675262233558862,0.008693229032640026,0.02294151092806651
-0.015232625989970217,0.00848596574284477,0.02422766054269032
-0.015728776766834374,0.008834323816691803,0.021300941856686073
-0.013512610534781255,0.008622190312795652,0.020487761356355105
-0.014900499475470341,0.00797033016062454,0.023776075143187247
-0.015115281507368517,0.008389348530575491,0.0208569316750018
-0.0135641354407805,0.009167551989149314,0.02117675634942129
-0.012804629427576764,0.008152238318091531,0.023805398259628352
-0.016972536883356204,0.007991333294227632,0.023948019188239744
-0.014769255317502505,0.009008747099282788,0.024314746187548808
-0.0161216898959049,0.008391988207636092,0.023907870211742455
-0.014631226497124894,0.009941403117499248,0.023028399986871007
-0.01202198382002062,0.009806217847008969,0.021743284839943033
-0.013887755278094938,0.00796332444894332,0.024989967131913704
-0.01589604812145151,0.007736657600840968,0.02216208214182558
-0.014481605958568178,0.006854503808637391,0.024563856052131294
-0.015529950169641538,0.008879165493063557,0.02224109745599423
-0.018427479376373346,0.007494525457450885,0.022421054290403086
-0.016453525750293796,0.008013336892447764,0.022036595419219207
-0.016045533533754597,0.00919185379043419,0.019437806612310093
-0.013390191883560165,0.007053863484582701,0.022179645799820347
-0.01702474875561122,0.00873894804339126,0.025860649317528295
-0.012507383390298554,0.010958008965359589,0.022849123330467958
-0.016179215578416506,0.009638017263167153,0.024000112235496585
-0.017391573962312168,0.0076305243228731445,0.022681282120737944
-0.016637564283962347,0.009606264744630888,0.023032977538774313
-0.015078506745393905,0.007793249952522063,0.02268400799462822
-0.01148499071501241,0.008208155631157066,0.025047523251664927
-0.014958466152111938,0.00774115819924992,0.02264873938507117
-0.016031852916825295,0.007668047892216312,0.02256250179016861
-0.013396004451607268,0.007807574632310632,0.02247569107245795
-0.013545863480855957,0.008942350385770625,0.021920279894898975
-0.012268635567969755,0.008118651342963967,0.0243613459898806
-0.015059932558248668,0.008940436345269531,0.023084795013814108
-0.013120350212455723,0.00785754784717263,0.02270555986644529
-0.014827609240153694,0.007660760774172548,0.023385747837601945
-0.015802815825779137,0.008812959954178523,0.020869529082285787
-0.009637381586690696,0.006659750997459302,0.022802057417837918
-0.016136396407031683,0.008605544650475916,0.02461304362204586
-0.0163111002336358,0.008524846127272556,0.02267091141578248
-0.01679739106471967,0.007228658164602608,0.020970315918122484
-0.013783850647854257,0.008546980815781424,0.02120582386858294
-0.015413412442585539,0.007988725225534066,0.022994039484228068
-0.011223641652779781,0.007973858712205906,0.024216283871372424
-0.017893227860909966,0.008485145820854356,0.02253822686460205
-0.014906767918772545,0.007881851000708706,0.023396983713876107
-0.013968918397066377,0.00892880954580888,0.019048049070454653
-0.016750969237828595,0.009219186452548822,0.022105974913703363
-0.01461732748965483,0.008767659396003213,0.022674402100493096
-0.016125952531855225,0.007741536395525661,0.023444286391181124
-0.01136563763005527,0.009930407986688206,0.022685315782320248
-0.013033062322960975,0.008039989044113183,0.024238322738017737
-0.0150643774367617,0.008107868946087282,0.023150668359444793
-0.014556763866683808,0.008714804768061635,0.02463862456390442
-0.015676329998139837,0.008212375729126586,0.023645875433402685
-0.014655476606711737,0.00801182785038912,0.023033748068939763
-0.015209362246683789,0.008764658944231285,0.02025874532861416
-0.01630436106745181,0.0096448030138927,0.025985934307478087
-0.01425354137547874,0.008828434005687114,0.023092241620066067
-0.013430159792754415,0.008939160338584662,0.022745640131577982
-0.012221112308834048,0.010143590980306594,0.026229663215087018
-0.013922256298328994,0.00848998583772409,0.023688482287137047
-0.017254894788406028,0.007631339587923502,0.022577629296558044
-0.014320997332015528,0.009363002986449542,0.02354465807263617
-0.015115848866095738,0.009082017452488156,0.021858060379151723
-0.014807423051520718,0.008109025294889993,0.026376826804613174
-0.013378071642076717,0.007026408177693622,0.024548046871333162
-0.014395276498046172,0.008489247918161746,0.022324190459853455
-0.01397113397982086,0.008589264502522287,0.02438104897731208
-0.018371701278681707,0.007130731939190227,0.0227887750937229
-0.013307422612133135,0.010324219468458073,0.02299205023507611
-0.015289010636053812,0.008684407842370234,0.02167983281156005
-0.012821675019639267,0.009517435786233985,0.022363844527320098
-0.012823685411685326,0.007863014814665559,0.018562474958888076
-0.01813763050123085,0.00808341613139607,0.02195710517414806
-0.01623153018513601,0.00928373234097335,0.02577155924615382
-0.017289331283411147,0.007882953730211084,0.021256085478343012
-0.01657830018012696,0.007300492883934084,0.021992004790691744
-0.014948063991283678,0.00971783719217778,0.02139830653619168
-0.016624899435527696,0.009084864595640174,0.02278549939502894
-0.01639247808536548,0.00911945631551414,0.021940745846224075
-0.016520413477641216,0.008192983429676004,0.022684877191551323
-0.013315299668129055,0.007572540874118294,0.024546890738184057
-0.01579470583024223,0.009660169706810162,0.02300998680271582
-0.015376208071438913,0.008934796497246933,0.0257710891293792
-0.01467423723698058,0.009909118420946217,0.023099674314577934
-0.017883667068382625,0.009076027498651884,0.022154657445958903
-0.015864044318450232,0.007965946936279056,0.024428295755322238
-0.01314156561880142,0.007422585320966624,0.02160574672824389
-0.017022033568332207,0.008397327554984124,0.023073503068802514
-0.015513661644726118,0.007024707283018405,0.025060778922940785
-0.01850652609838488,0.009028442163835027,0.021881079754660138
-0.016351222315814207,0.00933669896049183,0.022567056063180324
-0.014501932312511512,0.008428560210628211,0.02288929626858427
-0.012865866426583716,0.00974400461110958,0.022632684085978183
-0.013959828250349693,0.009898167867633978,0.025303768886224542
-0.014338482948859421,0.00902309657146616,0.025647030614642574
-0.013044493280053082,0.008362319525951123,0.02520397597128976
-0.012691490426749663,0.008418626973805687,0.024577645797470904
-0.016309804575597497,0.010600326375527214,0.021532771305728726
-0.01756681323911946,0.008286336026637309,0.024542115817928978
-0.014364846947224952,0.008775847878552456,0.023450025686753584
-0.014331282601903084,0.008421401371840886,0.022131298909198738
-0.01638350128596422,0.007101786620169803,0.023986806303093022
-0.013675446419963988,0.007955619861825247,0.020553992178544478
-0.01489308649748844,0.009232562792769072,0.020138668397574166
-0.014704037679120097,0.00940056022593383,0.023848871864053933
-0.012973028984799906,0.008653795132391728,0.02231575263566421
-0.014229264135034558,0.007315481371049759,0.02371756034182959
-0.014317189139758213,0.008870085929113647,0.02161045115794591
-0.012032079026419229,0.008208923041038596,0.0223300663175251
-0.015423268161438686,0.00765303291812347,0.024031465371500915
-0.015080976773169663,0.009902549611491729,0.02401820537200583
-0.0128930157338486,0.008941078994040619,0.02351144109108405
-0.013122372026668327,0.008939387838002522,0.025708458381497046
-0.015375757478307217,0.008393277844307656,0.020835777375383446
-0.01181989095678182,0.008958774584423512,0.022550199597514475
-0.014100751228965147,0.008657466483737886,0.023825791161846688
-0.01620092452424382,0.009595313274533779,0.02247379461586463
-0.01846308785211037,0.009008496796918397,0.023247910300046915
-0.012142906291056854,0.008101517349591969,0.020422294646422756
-0.014869795833208244,0.009093579886693348,0.022117793506832628
-0.015905704511535612,0.007743618657059637,0.020907102729464833
-0.013227692500958899,0.010351886336816496,0.023370735253762764
-0.015116605255279358,0.008920417286623739,0.022995191019336447
-0.015808072507124793,0.007225760365067946,0.024565420446764796
-0.013342526964961299,0.007771803763681695,0.020810695451216388
-0.01335315600447351,0.010002653961612373,0.02483229251184016
-0.017503445933867767,0.008979072925148546,0.023921619619057366
-0.014255512754560495,0.009562467064313407,0.021928556538469035
-0.013853826508199107,0.008901381189690638,0.02277423006817958
-0.01605057865972237,0.009054875213331703,0.021983977090300755
-0.013682085272106348,0.009136000312985226,0.025506894205565622
-0.01361032817239316,0.007612677361700015,0.022221226297720498
-0.014804180992354365,0.009467260185508808,0.023025224305522007
-0.01613539862241742,0.007965122023037896,0.02245950154671872
-0.0137408042049042,0.008827407927000652,0.02450126144405307
-0.013005267011022448,0.008822213851086502,0.023783312897750042
-0.011147501923215786,0.00815421702375041,0.022926952451167493
-0.013904225820740912,0.008799079598502013,0.025647914443851838
-0.013883159811032497,0.008105122846412405,0.022967487812891152
-0.01464260685076424,0.008526546717532058,0.0246951450488887
-0.011120930142177299,0.005836696225157922,0.02308961135644083
-0.014888154066179049,0.009476062824498088,0.02416730981849058
-0.01514732397382934,0.008387835786073716,0.02208939118848774
-0.015507404605611175,0.008375492856343314,0.023694842039902353
-0.014113089469358409,0.009073886384657448,0.023341650299866457
-0.014197859004085434,0.009392652128760837,0.0232099560298904
-0.01503369945129418,0.00883754107449719,0.02294632833555532
-0.015525159158388369,0.008414736354472208,0.021607814631067646
-0.014881538063236777,0.007650094324681445,0.02349446727679494
-0.016070948600047985,0.009027284308846029,0.02682942330029614
-0.01235183992533051,0.008838693254433871,0.024205598860056576
-0.015227681172500174,0.008081864815941975,0.024011185285911063
-0.014732973578243658,0.008628547393798147,0.024497992098699184
-0.013756310873531796,0.009668649695442566,0.022832681128497456
-0.01451826870458428,0.00879951588424599,0.02382455003346884
-0.013486164857378413,0.008772390142847475,0.02179914563285279
-0.01474279828182723,0.009610027924817355,0.023460181503669464
-0.01394216421048522,0.010028301679486762,0.023098302997725195
-0.015156774023578845,0.00812402180529459,0.02334645393871082
-0.012193697250147628,0.0064648359568862945,0.022952091362518856
-0.014582364901618905,0.008190318114780104,0.021661878478109964
-0.015772624126997092,0.01013252949504051,0.02438781411134694
-0.017968287977284003,0.008155627821031963,0.022839425601105745
-0.013071562413047189,0.010229853197341932,0.02088220574354782
-0.014572677450205629,0.008242444400615834,0.021606482319480258
-0.011881221056096014,0.008660793778073272,0.024272175989783484
-0.01577353040726226,0.008405738940692964,0.022763933564912686
-0.013460722267576108,0.008720714656300643,0.02327840667850445
-0.01341642999981485,0.00890453560707416,0.021899794159752295
-0.01439041564799104,0.007235850903943186,0.02300783585009869
-0.01640144847824987,0.008254529253892584,0.02232084637347942
-0.014098740295148904,0.008995897750606163,0.022153426419042055
-0.014799310137694532,0.008221140420419104,0.023630765724271807
-0.013696847810416024,0.0071011347066242125,0.024997667124304845
-0.014181086593965442,0.010568983101309826,0.02302595982036637
-0.01600323603549214,0.009543307626071584,0.02442641148034208
-0.014680281474242496,0.0086487345252646,0.024256667137191212
-0.01626343038005007,0.008304180762554236,0.021065773964137002
-0.017093282324995185,0.008163414575970918,0.025350012782654474
-0.014822472305099477,0.009536713321522172,0.024253021020757215
-0.013806361737158324,0.008818193707046729,0.022527029684720534
-0.018043048522510707,0.008906949194119607,0.027103488295690092
-0.016212057251871248,0.008827088740474887,0.022792296858936134
-0.01410453371225695,0.00797414392540352,0.023408297036912162
-0.014080541218327691,0.009054210117226624,0.023979847455504855
-0.015409232743743506,0.008245195829834184,0.019616075923831633
-0.016628746776186865,0.0091084144371687,0.022852398895111592
-0.012055457046998952,0.009782358473637176,0.024605057980772616
-0.014725558026727814,0.007556115076712389,0.02218022482093318
-0.013680802283890792,0.007022123617220322,0.02410840976350148
-0.016318727993081872,0.008559831049060329,0.02244013875413542
-0.01768828148534296,0.00872658853924213,0.020388793038058073
-0.017609910144021246,0.00875634979639539,0.023743063232959827
-0.013596023181024486,0.008052118829149024,0.0223441392821343
-0.016180979366122283,0.009309514105280248,0.02132304400472962
-0.01585503875027272,0.008136867514937918,0.023610748863908237
-0.013284037597363074,0.007783817052820496,0.023298408013243677
-0.01540315210263421,0.007644475822198293,0.02504019639391597
-0.015205245072998697,0.009310831619245397,0.022833579259405434
-0.017590836784010855,0.008719130292978883,0.022757524744919655
-0.01638527013985258,0.009093440829930577,0.023932837734482293
-0.01527847959817874,0.009020551268995702,0.024396018378420647
-0.015317229543991062,0.009256134241396707,0.02317194263717204
-0.01633029754821813,0.009467111185343935,0.022003935944901243
-0.013118828839294383,0.00874165686066719,0.02366708612142221
-0.01601644802485158,0.00987975597096169,0.02469047823887871
-0.014503701258039792,0.007491499563707427,0.02392618033972882
-0.016830838707231233,0.008929075087716898,0.024440445727797577
-0.013893105716531795,0.009339106108199546,0.022809080245089097
-0.01756090636331953,0.00905180520034099,0.026424544235805092
-0.015160873470822622,0.007310848071561571,0.025071363100507393
-0.013050754041625257,0.010549183878402646,0.024041004828828316
-0.01387795748810583,0.007470235892841903,0.022127341494322827
-0.01576308081886668,0.007342034123304253,0.024488600541055394
-0.012693840029379566,0.008573163556630736,0.022798008952661042
-0.013388775764588634,0.008759675824676294,0.023973325878589913
-0.011993677933237579,0.007834308189231365,0.023261000004398902
-0.01498505038731579,0.009929492497292802,0.022387578266389707
-0.015010840317767116,0.008041833394691555,0.024385699373610903
-0.015308379604525912,0.007507953752248442,0.02331341922975072
-0.013105865673875616,0.008975928530531307,0.0244994110011324
-0.014394518881463814,0.009276008493666388,0.02075477903576206
-0.01794286566477621,0.007516802645094467,0.025231429058982124
-0.014324078223503567,0.008415524059268265,0.021686743494026883
-0.01298600668258365,0.008067541515470955,0.021591483879678464
-0.01483546191860552,0.008890961527830532,0.02246029973703767
-0.0151637105410789,0.006316276565211942,0.024018955545109244
-0.01853921439887618,0.00889607959706007,0.02235556637282965
-0.013825247295496501,0.008333547369196448,0.02381557867442141
-0.015008147753990508,0.009179308977873779,0.021811970937709813
-0.01554343291060234,0.007656938340172115,0.024166922618098385
-0.014755627850554398,0.007129237783917386,0.02442586150154613
-0.015159590767923836,0.008761904015885058,0.02449898161006636
-0.01387361547188648,0.007989275959446429,0.020598469647628903
-0.016224380319918352,0.008053513855454497,0.022276921897042
-0.01275737903510199,0.008239083728167507,0.02280815923423163
-0.0172363564438639,0.00959287204104664,0.025983238831059907
-0.013309513158254016,0.0091426412903437,0.025867855679684082
-0.015384452568226292,0.0063479353044822995,0.023913165720792606
-0.016846654400509586,0.008797089556166537,0.022577786499474284
-0.013079566179979407,0.008948575397947023,0.02383613541500773
-0.016846039241225186,0.009286797796813961,0.025262835054369104
-0.01671659375742951,0.007163326811666537,0.022795337908268376
-0.01703839617773828,0.008219421665325743,0.022840523256472012
-0.011984969031184955,0.009146568433580193,0.023265372096511028
-0.013025458568485249,0.009486080585507373,0.02264145292249764
-0.012176634451733448,0.010012043514432634,0.022779192525615666
-0.01569825190745977,0.007978404598341093,0.022189992760063837
-0.016403444815193402,0.008739593412209312,0.021185612347222493
-0.0125671590883365,0.008524116924355729,0.021899346656160223
-0.01671798279622283,0.0075698821974299335,0.02501343156671354
-0.015193507692399022,0.01026382643147461,0.023694186088449087
-0.015085162287073461,0.008159957098066939,0.022132186582015656
-0.011139653710912412,0.008410983267835626,0.02265283930761186
-0.01490176687854372,0.007302322391295246,0.022819315128156492
-0.014958393163981953,0.009004197622827004,0.022899416986539856
-0.015146233913074125,0.007733108012965784,0.02314092320667993
-0.010976079442856168,0.00825866607639758,0.02377540085198937
-0.01509685293206009,0.009311550260074575,0.02195434041844402
-0.012823867067724537,0.009444445690267478,0.021052060998234645
-0.014156552766085073,0.009155102631005718,0.023929397798603702
-0.014339681542085092,0.007894299024989615,0.021895407390729704
-0.012466775087495385,0.008829024581822664,0.021644355360119993
-0.015212316925574898,0.008023293809354959,0.02268248039192422
-0.016069635125315007,0.009536625982654812,0.024722347898266217
-0.01369703743387718,0.0073705994456741974,0.023307335141099284
-0.012364541164403997,0.008897851675025326,0.023007638567102418
-0.017335122059333852,0.009170215176010466,0.025016229418437508
-0.01573482981513563,0.008965010860405798,0.02274858205077146
-0.012591252016304066,0.006753025819398073,0.023469556731897545
-0.014719278701088467,0.008953705082175967,0.024305769060644966
-0.012545945311173035,0.008030647694178716,0.025654560064287235
-0.012840081400707914,0.007171300921031687,0.02480245453969321
-0.012630690110032039,0.008971476894943597,0.02181477709564128
-0.013302831773312151,0.0070360217453111495,0.021458313507605187
-0.011237868580887267,0.008797857775074469,0.023265012279668706
-0.015904655066280027,0.011285406261119402,0.02099136719780037
-0.012499813418972328,0.00784971823746472,0.023728164016755038
-0.015565405219565398,0.007807189571068962,0.024741415750037077
-0.017094478808297064,0.00871199455542726,0.02389948952240195
-0.01685687564132976,0.00827249832907051,0.023443635422408238
-0.013866414817003125,0.008258314385259036,0.02219842007710171
-0.014165899958639039,0.008728533155831664,0.023184853139012418
-0.011579025983682545,0.006785758361962491,0.02455559888496206
-0.01467842721579371,0.008680328200193155,0.02206875635249317
-0.01753073574376507,0.008931457884025273,0.02276938232808612
-0.01523735816173788,0.007452088789811739,0.02513406993613565
-0.016544387298976115,0.010605276404940245,0.02499261542008946
-0.017016752695581117,0.00930154521329607,0.02527679850999831
-0.014377943974865026,0.01004463518709009,0.02172713004232396
-0.014527915009579284,0.008673282768004276,0.025408143515808
-0.011729123780714334,0.00948138564072476,0.023890606832603134
-0.014549157136452884,0.009348997930133884,0.022145216182006044
-0.013558310567336251,0.00956243396356038,0.021589454070704672
-0.015509120859430459,0.008015418279359032,0.020130142200478707
-0.013043923149640868,0.007896769571534512,0.022921692598148802
-0.01044376460897023,0.007940585863361438,0.02053856751910965
-0.016108599304538007,0.00908317525066138,0.022422864788639196
-0.01371771731018967,0.008175342338445524,0.024723236489946343
-0.014271012904269686,0.007850729252340094,0.02146230221473866
-0.017007323238324323,0.007546759347516807,0.023435411330602007
-0.016046059339296814,0.007395837617075962,0.022564029677857644
-0.012314896789426766,0.009699345804811688,0.023044346093721524
-0.011525754598088134,0.010879248733194236,0.021102777017222074
-0.01487249558512238,0.006547766852851078,0.02453373325882191
-0.014222950008922819,0.009333200387318219,0.021493387485221227
-0.012055092892780173,0.008659816556873867,0.024666384224664384
-0.013684755712810581,0.008990018211303297,0.023817233123919146
-0.015641194767644806,0.009736723357845478,0.024872773437831786
-0.012366598251739247,0.008154458988162583,0.024049141627665693
-0.01050080888270466,0.007914187603817457,0.022773508671815934
-0.01647128076118698,0.00839493817776149,0.0253847939141284
-0.017556139920095082,0.008884324047779946,0.023029956345183344
-0.016019637107633544,0.007586796905668214,0.02226134062215812
-0.013140117805078622,0.008624720792851481,0.023267413679516347
-0.012969499650461014,0.009991637986439872,0.023874842984602074
-0.01088698279706024,0.009316229043540791,0.02126988389025275
-0.013187459448591121,0.007837328626262074,0.022411835246156975
-0.014759587542827912,0.007947643914985814,0.023224751688210477
-0.014656429601015653,0.01043233234608787,0.024619368711613188
-0.011441322296533385,0.008379592299250671,0.021583389332984426
-0.01610086517131537,0.007781774950251008,0.025103242887670518
-0.014452737077951583,0.007579134865252524,0.02446960544336907
-0.01580627455514061,0.009043886147056535,0.021454132172462836
-0.012116352269476383,0.009678733437709863,0.023773659205711728
-0.01698861662850637,0.007107423352721298,0.023804854311491153
-0.017948150544429664,0.007780060778267761,0.023828777179807137
-0.017236275178028504,0.006158988999911297,0.021581289648108792
-0.013430238270146333,0.007652383323571654,0.023190135446086724
-0.01370958636366526,0.008332951593512106,0.02396866195069136
-0.014774053411566124,0.007648374800800606,0.022636716140457813
-0.01646148837195094,0.007105282425312387,0.02268069387640914
-0.012655797956190762,0.008319372115201173,0.024140812334466744
-0.010760708350799009,0.009341693715683275,0.025398081623113744
-0.014130145218195223,0.009256778289669643,0.0226686233396306
-0.012956090383432928,0.008612131565452041,0.02296622237851187
-0.013200221607769014,0.007281364172310734,0.02243840739774694
-0.01359413072460225,0.009673692600594586,0.022590113181624183
-0.015579337188823428,0.008546524787507837,0.02311404622479729
-0.01565341974515888,0.008016101486386207,0.022087860258070968
-0.015302081804817957,0.008113044417120241,0.02188087701460184
-0.016243469535258903,0.007738098774738189,0.023982428856954008
-0.014914476029774137,0.006950896582752164,0.022186293261019174
-0.014935169869245701,0.009287258708824409,0.02295680957260915
-0.014386432879629263,0.008530951164911205,0.024627908744659144
-0.0189636202901724,0.01015675548187056,0.024659655214348652
-0.015253375446462658,0.007734100810638966,0.024934774242890367
-0.011295475079751927,0.008091263303253271,0.02263446238008704
-0.013048144129571115,0.008781247864417918,0.023793140123793743
-0.015578786755955476,0.007837507880333439,0.02343030927677847
-0.014546659644559479,0.009727059341487099,0.023584113091102643
-0.0167340136403209,0.008431474558375007,0.02243944302377676
-0.014366850455498792,0.008362141294926628,0.024554650757157126
-0.013643174295541516,0.009535053694065598,0.023451613869816867
-0.017448441574074658,0.009564276963597407,0.024390092949731268
-0.017186782681721913,0.009833995437670606,0.022309065739783418
-0.012741960911819894,0.008026348336784728,0.02525865659801918
-0.015447404892773742,0.0073839047648535105,0.01949670751325716
-0.017075565096184908,0.008278962777707677,0.02522664700366939
-0.014203817242848249,0.0074342541562799624,0.024325915986459057
-0.019617454345506213,0.009081385939197606,0.02418721761478415
-0.01221802517762427,0.008162705156781858,0.023875279956994455
-0.014072310651865871,0.007568529982152183,0.024377536488510265
-0.014602556630416763,0.009116504209391918,0.02488177308104378
-0.016594740541703845,0.008261426657184878,0.02416281932373565
-0.015176976600075331,0.008098912769162081,0.022599842457929675
-0.017070568938463482,0.006962596865465853,0.023750926435734288
-0.013467721983266845,0.008251893939941635,0.02333712453724801
-0.016560581326496737,0.008665620091926507,0.02423704446096764
-0.016211061740765698,0.008230052535553756,0.021443056615727873
-0.01185652959777761,0.008754819488481669,0.022942910650231574
-0.017508704604750736,0.008926573461747855,0.02306739199931196
-0.018209583517202033,0.008033549957900954,0.0228775397062424
-0.013916223069620925,0.008697981044212266,0.022180256882099236
-0.013668519393480905,0.0077554576942127085,0.02228998030831597
-0.010420635783258247,0.00826673160332747,0.02177908473877299
-0.014290828518973564,0.007706281052676012,0.02391370165842266
-0.01815733649511575,0.007941039416541451,0.021928758071386723
-0.014547628920560718,0.008680474494844548,0.025464344104557557
-0.017785057524077108,0.008500837209124867,0.02252309573584932
-0.016545222487638456,0.009035480268760554,0.022315035540732775
-0.013158297912211792,0.0077627210143272896,0.02450230497325223
-0.012094866890066669,0.006964998977209147,0.02448114526073597
-0.014804172883948086,0.008172126655029532,0.022646395831372512
-0.015850960281539428,0.010927410395078496,0.02324371794690472
-0.01601581965431864,0.00959969742855582,0.02300876388400952
-0.016831021294279047,0.008845857595425222,0.022089681380268456
-0.016749480777342507,0.008317259120633747,0.024971420475723316
-0.01521207367779831,0.008686282764780007,0.024703832876375786
-0.012955775288766347,0.00655202230270302,0.021570485023377217
-0.013013609534408,0.009050136144190146,0.022522323104036235
-0.014057991325300279,0.009189919832487292,0.023673147970164732
-0.012482273642428154,0.010437869718793014,0.02213294934213439
-0.014392595583410217,0.008136681720622763,0.02098327894540064
-0.01301238499056212,0.0073320185060183896,0.023025607604578835
-0.014899691336009324,0.009313910659328739,0.0248229693059967
-0.01985284906034135,0.007057219441256812,0.020896431654241487
-0.010964198149983062,0.010008007804042651,0.020781275542550603
-0.01702960041576773,0.008574221931621495,0.022937605959513552
-0.013643587896571385,0.00810213934866244,0.022293419176273588
-0.014781449533215807,0.009611678749929964,0.02262395177955434
-0.013510172893447914,0.009709036698155815,0.021612465779943135
-0.015755624168794613,0.009704315495483784,0.02128904184351388
-0.012244728055821996,0.00882657942913978,0.021941464985574366
-0.015812571165555123,0.007791049703870456,0.021526732302078133
-0.015311950127240515,0.008122349677397889,0.024820476770967104
-0.015096201065002979,0.009805698078876546,0.02097300331795915
-0.01288225199596904,0.00990699520112237,0.02550627156625751
-0.015106479779813387,0.007364789791469373,0.02224917802246118
-0.013154839551673736,0.008785703417873325,0.025197259874287448
-0.016249371604998508,0.009535030267883493,0.023562133721245604
-0.014400350487458913,0.009236011737958516,0.024777855511373903
-0.01708264361276368,0.008396562605924252,0.021703928200226152
-0.01625213601803388,0.008189148872436491,0.02296241862039028
-0.01468784929028677,0.008966330721996818,0.020404509160696804
-0.014375442002030114,0.009747398754241465,0.02174023889469434
-0.013231118595196434,0.009070945402070985,0.02325305385814591
-0.014952504973468672,0.008457628984605337,0.02361645139355295
-0.013326770205787652,0.008507576268452555,0.021877831534050207
-0.013716041581611327,0.008056923700646479,0.022715025639839848
-0.014837320520753927,0.007518646164372922,0.023596199314306454
-0.01568026346236484,0.007477033501957497,0.023161267029218058
-0.012790286536167983,0.009159166892233506,0.022715074537310698
-0.018160100707968252,0.008350328187896161,0.022928514346877926
-0.01489532855016562,0.008819042523307119,0.022085148934639864
-0.01507462393206116,0.008325255870673565,0.025845458802374655
-0.013252465634731037,0.007380083957066352,0.022369230524980632
-0.012064450410040117,0.008801737023711453,0.02387117217143664
-0.016038304447498763,0.008411864856267104,0.01950980345426989
-0.016517694462216292,0.008227598146356874,0.023907300495910833
-0.015887357969749494,0.009053729469153837,0.02549760945958035
-0.013453745223988123,0.007488977077102499,0.02377363893262474
-0.01427513313177764,0.008955444137770496,0.02540250195207039
-0.018394083244276382,0.007070012796184466,0.023779231546978807
-0.013694242207791585,0.01007633386090756,0.024350387771895132
-0.016371084076740927,0.007836007368603348,0.023831336217335464
-0.01738052813003499,0.00893014890886934,0.023243833166538774
-0.014684630937487952,0.008843930568179892,0.027369515789900767
-0.01409109309217682,0.008804971634818193,0.024093335388596038
-0.013282567834624337,0.00947071537452937,0.02287165609448305
-0.016359622992348166,0.008110254322933441,0.021843683584817253
-0.01498881318409484,0.009339360226176208,0.021276972704042718
-0.015948336775796546,0.0077819581474160016,0.021591999303222198
-0.013711992307303578,0.007901162612001578,0.01819320722550344
-0.014893179711887639,0.009324465113338731,0.024108130026423202
-0.014544045916304538,0.008278922490632556,0.023654776142076894
-0.01594421982645744,0.0082862520662077,0.02204346229758425
-0.018227503164557124,0.009082052467039081,0.025548367727925347
-0.010270461038000889,0.010743992035227024,0.02391909278990334
-0.01589245069724865,0.00949095213197959,0.02663894495643493
-0.014266544839873108,0.008873816628171993,0.019861534241967016
-0.01557259281070833,0.009608892933642199,0.02458134283460045
-0.01543757619157382,0.008548756634511712,0.022667396648250238
-0.01412184895548052,0.009215133697626499,0.01974327923993635
-0.011680810101336037,0.008426171093715129,0.024716288449601165
-0.014497580428117218,0.007909223235365692,0.023468202282934336
-0.015306847815391822,0.008431434931631676,0.021824130355208804
-0.019164103602367644,0.006629675638146093,0.022906337185503056
-0.015293537278765812,0.009073034355803866,0.020366422113586302
-0.013442651121958749,0.00946622986697776,0.023641094424466935
-0.015588758391404056,0.007189137777278365,0.02456699052996736
-0.011929796015277772,0.00888403624366707,0.01906118773901022
-0.014259337352085177,0.008341416820685343,0.02491526507526498
-0.012912773752719597,0.009976928088069825,0.02499301055448777
-0.014337516776581238,0.007991338217396282,0.024502491450920205
-0.01154671311995581,0.00904069794719553,0.02304950451088794
-0.012146692189405006,0.009556266944633074,0.022164200860639527
-0.015352839578607336,0.008304543464305425,0.022773169549277328
-0.013816232158004538,0.008740542103063964,0.025069593034181215
-0.016420127221860703,0.00917387247777679,0.023351078558448424
-0.014017065199640966,0.009665125580834877,0.02525230590365135
-0.016611067084936093,0.008453286507528968,0.02350347324023294
-0.014390377170236945,0.008485138929537395,0.024040857801041482
-0.014744538088815151,0.008851409045098624,0.025421648365006266
-0.01669720202365732,0.009285272392740795,0.022329822572264346
-0.013836799544956202,0.007442755946864499,0.02373640290387502
-0.013628694593219581,0.00903956798096961,0.0232026674581306
-0.016930044678630463,0.009300555990371051,0.02285784435504512
-0.01594090199481346,0.008597953430789174,0.022088621489429916
-0.014422357219422421,0.008191060019181795,0.018720102105782233
-0.013231839647084187,0.008141102767120323,0.023857655397027666
-0.015805955107216607,0.008744182094524988,0.021532622760970677
-0.016233532970231,0.007447743568843146,0.024468498521810877
-0.015276336172172389,0.008537739298061453,0.02130816132685409
-0.01488655553055851,0.007128498061354405,0.024260088994830675
-0.015135200377197622,0.008806734613679312,0.02616571178924687
-0.012594476322921211,0.006886852639254926,0.023241062559681613
-0.017901077567767598,0.00826248993710288,0.021994258703043723
-0.014299144886655846,0.007671782854909326,0.023886623391764172
-0.014532359516043036,0.00819012907385297,0.022667681162509723
-0.013070679433313415,0.006961101175845252,0.0233802241577602
-0.01379185584610887,0.007894856580963894,0.023224367528757894
-0.010491617172045942,0.008801808639127495,0.023934676389366083
-0.011404513973048314,0.008572602546895736,0.02483300535260058
-0.01657905312392738,0.008576610266356699,0.02250949651253309
-0.01334888921199151,0.007356097160964747,0.02345279582499138
-0.015238538037874783,0.007353250821082957,0.021879265160896666
-0.014036214004821801,0.00743350641835927,0.024061794496514355
-0.009593125445363837,0.008045036796560656,0.023850424636960632
-0.013256432298472065,0.00801758226493099,0.02451508447584061
-0.012696033610062996,0.008595301830603974,0.02326443128844824
-0.014073859704239022,0.009052768617406448,0.024165664482187155
-0.017320595971205166,0.00733563870701448,0.024478811045538063
-0.014925175879406005,0.008766663511698303,0.02182451017234288
-0.013801003651676025,0.007286151345710645,0.02202857076188225
-0.01600110910653907,0.007546598673896621,0.022491563348183696
-0.013549532623575167,0.008220427046974232,0.02231824325765286
-0.01256102766701972,0.008119176304599462,0.026076440976994908
-0.01754922536147141,0.009178925652339243,0.025259302542792184
-0.013165490984290429,0.008155899409870049,0.026092475485032463
-0.012363363577783115,0.008648904392096757,0.023941528981584193
-0.013881717217476885,0.008525366049971894,0.024011724751251795
-0.015505772065430579,0.009748230950049175,0.023172515846004105
-0.014238552216504496,0.009343938573663335,0.02326602885751028
-0.013081515854775572,0.0069958196059914934,0.025023128305706077
-0.013523530176650533,0.0076351438565051,0.02308745559423564
-0.013869255157589966,0.008923299346770497,0.020902445664527702
-0.015239173265364725,0.008412812913682566,0.022909328811410612
-0.014612548540657189,0.009211690840453812,0.023160493605173027
-0.015158018334367918,0.007519425374798661,0.022984385132843843
-0.01615500042545126,0.008410184203072157,0.023090724472216495
-0.015308193428094308,0.007831539267121657,0.02051259931692362
-0.012346041260777874,0.007708499353934584,0.025973563509985254
-0.0142236907184351,0.008077618923452379,0.023906146082294688
-0.014682551844934943,0.01025863308059538,0.023137077554608587
-0.01847953714562378,0.007341042749695381,0.02473324441002267
-0.015771962511302973,0.008096860419779417,0.024789292131019103
-0.013415058744562947,0.008126665875091699,0.024721070831735692
-0.014536467207922343,0.007953173798594726,0.0214916012537405
-0.014253460482359204,0.007255419022042742,0.02378976130750221
-0.01596224257214296,0.008787476750185541,0.022147628515081896
-0.01265404117232738,0.010273153963558657,0.02099370940657852
-0.01819837996958873,0.0076568212250576195,0.022431392929252225
-0.013304737060325422,0.007815650606472602,0.02264872486850278
-0.012708915803729348,0.006179635257169025,0.026035095263754582
-0.013516791149547958,0.009570995839066065,0.02106142923054921
-0.01734759542295572,0.007958803817299631,0.023620142291450152
-0.014406078422806612,0.007677261063505747,0.025867871069314097
-0.014221684367924592,0.008314746001440554,0.023481248234469954
-0.016103544289050697,0.009233921344596885,0.022386431140744456
-0.014259564664989122,0.010101827784458894,0.020454061075071084
-0.012501977240802264,0.0088366187601161,0.023998322514806603
-0.013059868239815198,0.007881972335017307,0.025751758215953324
-0.019344485169943693,0.008832187751557807,0.022618385687239062
-0.017022499366879273,0.008753643077778483,0.024416964370208682
-0.01636738517073766,0.008140482840150565,0.023468641051013317
-0.012940088022707297,0.007449806366616851,0.022477362922908473
-0.01536866705040374,0.007445060875658327,0.023078616385004413
-0.013661779246680217,0.007214934942044282,0.02287899205150057
-0.011340924802991426,0.00959298119650731,0.022201587288938285
-0.012154245717790668,0.008002902637276321,0.021513164163388
-0.01396054730538665,0.008407107529118996,0.022098196620377264
-0.013669591957640503,0.009033212805302338,0.022783224441961458
-0.015482979348315218,0.006494926111975774,0.023073367941426337
-0.015454635456748966,0.008079792356403548,0.026573511231396174
-0.01250171825525348,0.00782720574421647,0.028298417355498318
-0.012985669198635752,0.0074156984952485905,0.02683339703358778
-0.018901646580871456,0.008512315021591998,0.02298306941706363
-0.012931460871468237,0.008174857511865086,0.02218832386203351
-0.014395996814513867,0.008446518389851998,0.024002300373743957
-0.017478449927131212,0.008453484693967228,0.023538014236003213
-0.0136380173273708,0.007797535558852098,0.023387663194804564
-0.01229971713893352,0.008401295515188312,0.023748493388804692
-0.012138034978060541,0.007909226155103366,0.023833157329369303
-0.015607878505794814,0.010116035497855558,0.02120565311707623
-0.0168338862026437,0.009166445401503354,0.02206899922790395
-0.013982100552457966,0.00830314348857264,0.02140423315710771
-0.01333565781885604,0.010038311865193994,0.02014695404828082
-0.014995655761296689,0.009437235474466177,0.020890344242711745
-0.01273061369222439,0.008451898144226533,0.022368438301479943
-0.014550471387881347,0.008865579105354127,0.022075125992306877
-0.012928942594920168,0.008985315058926302,0.023380964545820948
-0.016373315042723324,0.007626451232515374,0.02375981893971324
-0.01351192551343361,0.008726692357447274,0.022635093267835193
-0.01541214219436815,0.008222948659551754,0.02227067643945091
-0.013645330545492884,0.010246186623124931,0.025472566969956256
-0.01579205933181893,0.007531622497067736,0.024744746381849647
-0.013871310863438846,0.008302717666945902,0.02570786636429223
-0.017197071292893717,0.008330414719142532,0.022759994006572026
-0.013736791809229265,0.008473309981127497,0.021965638646778918
-0.012636883574950963,0.009224598225951786,0.02271095073375251
-0.016227050316896308,0.00719378763216616,0.022748066098639774
-0.01614506195368781,0.0081405971736902,0.02174207164776154
-0.014278320867752603,0.008557731141417668,0.02523257200541762
-0.017353408560357608,0.007974443594426672,0.02690006949339463
-0.016071804672616374,0.00875988128442573,0.024422308013119065
-0.010548329419344249,0.007272342874694582,0.023461479768718152
-0.01670731160615735,0.00886063626950262,0.02171231023183573
-0.014078880070651056,0.009094858193639976,0.02268775653726096
-0.014714746710776216,0.006560163900763749,0.023359327561840115
-0.01479931014926572,0.007955627281666877,0.022947635572710623
-0.013935743808873968,0.008494619535302839,0.02272697641274013
-0.014983505558426868,0.010040312420117603,0.022348650832901162
-0.01343604865224024,0.008288668770976781,0.024152083920140233
-0.016327518379739225,0.006478389815709029,0.024489834323318083
-0.01509845053526404,0.008172487230864833,0.023143865573931888
-0.013757126983249157,0.008718317429448508,0.022511041032787005
-0.012785464453131667,0.008138572409598255,0.022608748533447298
-0.014351898234228111,0.009481976179501861,0.026061137565323134
-0.010318728764335816,0.007606339606597068,0.024154381678563652
-0.0156527582967807,0.007900708602795903,0.021850058513228077
-0.017936356354480987,0.008356589704362483,0.02205299730964083
-0.01501179984990797,0.00869036484985164,0.024228895342188972
-0.012326040116652837,0.008359462374808668,0.02448149113488396
-0.01420227935985141,0.007261078737248572,0.02495714057991716
-0.014048386565831628,0.008724811224505857,0.022323695994693638
-0.016149546418087968,0.009034257202062634,0.023311464025174478
-0.015186654104804465,0.008990198797291127,0.026839971706709043
-0.013628385670838905,0.006818846161784853,0.02473690547332985
-0.016097124163470644,0.008454656817224904,0.02306030480745558
-0.012646636950316315,0.007306356217144594,0.022310498886059626
-0.017167310330453822,0.00892614722644991,0.023072828869711848
-0.012831163974431514,0.009810757870227782,0.0238046899023705
-0.01311138357450925,0.009040036107890947,0.021837743851292668
-0.015071768046303391,0.008700784086637325,0.02614947937218326
-0.013910203778411345,0.007441469237358778,0.024912989033944455
-0.01712352624516489,0.009432675168151716,0.02235193925778889
-0.015575994611516819,0.008956114982811458,0.02156672746750954
-0.01361902087627953,0.010199502462525878,0.023003809062548508
-0.015656694820427308,0.007563260919113413,0.02379263495145123
-0.01578541387172272,0.00897848401546908,0.023481716571691513
-0.016155978802467996,0.009798653361555276,0.023529606036110762
-0.013149731794348085,0.008791581093661849,0.024360850599939643
-0.016854687051968686,0.0097326392382594,0.0232985160723006
-0.016252306178129672,0.005944174290082538,0.02067519867041201
-0.0151873509187328,0.008601233562822164,0.02162574585009147
-0.014480478059690771,0.007273226218289297,0.025030873270637577
-0.010794899542929004,0.008232330329669524,0.023950971458066683
-0.013534076956899788,0.008480170368336148,0.025606923035209173
-0.013718837129887862,0.008258122730594786,0.024918703480989457
-0.016736351157392915,0.007983327738520951,0.022733252501668244
-0.015368679575616051,0.010323860794780426,0.024875130663084666
-0.013444515768493148,0.008881507797419808,0.022778881669479056
-0.014258931857101476,0.008243349678464074,0.021215559016013907
-0.01614352659411289,0.007070324687922458,0.02370198242293098
-0.01429998620632622,0.007844647175017205,0.02073669864351224
-0.018104749133638687,0.008849886035837473,0.022644232924912355
-0.01536397205511264,0.007533800385815859,0.02323498179447092
-0.013486022122442431,0.008134183973434017,0.02500556211534366
-0.013743164575947042,0.007453639950359303,0.022658858725087327
-0.015937805022417373,0.008051482703516077,0.02479239265015576
-0.016615349898487564,0.008645779390364705,0.024005326019640894
-0.013313855067442204,0.008523523360958962,0.020478911239378395
-0.01539723964958728,0.008733073723673934,0.023229564616392917
-0.012807578160876965,0.009355130603017403,0.02417575055557164
-0.01622880339068744,0.008072121383150943,0.02215424986325809
-0.013793785015852822,0.00789674404517593,0.024695295165780062
-0.015227100107053748,0.008615158033888903,0.022649253554472337
-0.014159727924483834,0.009871649147902839,0.022889912795980516
-0.01439775365499496,0.007289164030685358,0.022104954230118712
-0.016621236044158993,0.009865202454140243,0.02015046320500402
-0.012335440016084886,0.00886819064032196,0.022547998640849
-0.013203822863869896,0.010581382011917828,0.024642092180002906
-0.01389707589550171,0.009792851724249818,0.0234586914471131
-0.012663699976121046,0.009192734465800156,0.025054066927279295
-0.01492722742009911,0.009869165709229799,0.021686395709301753
-0.014532102871473662,0.007751242283032922,0.02489495605285741
-0.012184977222205573,0.00891832752157884,0.024682314254567017
-0.015128447292797276,0.009628475422506,0.022709468474595984
-0.011966117285061695,0.0076742603974939705,0.02106741251133637
-0.01358911603490398,0.00944103711482347,0.025348957626676105
-0.016315649703854018,0.008886808616836328,0.024520974773368454
-0.015267083992019148,0.009352501438906868,0.022967981992035646
-0.012355569552419787,0.009169087699146261,0.022560132142400047
-0.01595831983744289,0.00722752444282615,0.02295961886583464
-0.01806912764424906,0.009150466201328422,0.02353339753577921
-0.014959228990680806,0.009079171539640218,0.024446233167528253
-0.013270944581683097,0.0096798385274387,0.024622157111569343
-0.01562911146078705,0.009182364807573062,0.02082563768200918
-0.011541643752838171,0.009632862982202894,0.023285826842632806
-0.015225971828204399,0.008886485261752841,0.02096660370050496
-0.016526780675643726,0.00834174757898809,0.020987074397188388
-0.013572454586212146,0.007763289049370292,0.02386007802066137
-0.016222675153222732,0.007129806959322971,0.02413211675707938
-0.013428076942680889,0.007717845983611027,0.021878805531539758
-0.017250346411096684,0.008062960218675808,0.021047164695718767
-0.012634789599565988,0.009050597081951994,0.02211197082082028
-0.015782432294303872,0.007407267022886743,0.024672869779635564
-0.013738595805108944,0.007340043285083753,0.021197078803211644
-0.015752535473491647,0.009161473572732226,0.023111029775989778
-0.01432933320901153,0.008357967282206724,0.019973655018352243
-0.015920979025825233,0.007687352118384672,0.023959321731130467
-0.013016015391547953,0.008934834329216379,0.022725881514480295
-0.016987739009275638,0.008624382626949312,0.02345716901888728
-0.01720074969100671,0.007315747694665142,0.024067584226838412
-0.016607672153738484,0.010819963480363626,0.020752451956099316
-0.016743186536443466,0.008631039576785349,0.02316259575183588
-0.012298266052400586,0.00712398011675297,0.022329925286559305
-0.012955319319333136,0.00895359859064948,0.02350138265295021
-0.012581537662272213,0.009158860622976217,0.023332186927381926
-0.012521561940051162,0.00871592245476549,0.024688080377524013
-0.017231179858461898,0.00887593260238373,0.023211411236660484
-0.01269447709262339,0.008182844218550867,0.02584372659329537
-0.01519984914506134,0.007162364035005586,0.024870207660039556
-0.014616966156928646,0.00737975279462888,0.023079412267127508
-0.015718771785963925,0.010083371349256298,0.019841254179334467
-0.013727385677586135,0.00851244540267937,0.024084340485760025
-0.012220832471647514,0.008634101401597483,0.023368135179672733
-0.017437468008205004,0.007223949079225744,0.024490436626468104
-0.015811377557416018,0.008814519006230426,0.021719602379964287
-0.017340415276498433,0.008424516665711868,0.02624623520473457
-0.01199726861087691,0.009315747006634179,0.024012991109837678
-0.014989171324158668,0.010901766490719611,0.02309880320633728
-0.016553084392190387,0.008618127165976097,0.02320433443818859
-0.016149174194126426,0.009069611613907846,0.024408539316046585
-0.016820627195625604,0.00858292782629444,0.020553081864120526
-0.012951279666055804,0.008790416064463402,0.02401992507939843
-0.013344554864396008,0.007775342574463218,0.021506077260789902
-0.011057161962226059,0.008263930820857412,0.022523521452688433
-0.012556193155666584,0.005974056734676769,0.02611596698033891
-0.01700210014228387,0.007997419975611764,0.02447078608335196
-0.015642815883257444,0.00969445687159376,0.0206481171117483
-0.016528678647314998,0.008563409618007056,0.023761129655468505
-0.014864677400430182,0.008999984947350104,0.025551729087590735
-0.015175372635072737,0.008665529727535204,0.022894650569838526
-0.0140615088280589,0.00695806478998684,0.021253340770036044
-0.01310527412276985,0.008247772191882996,0.02381914740759261
-0.01569621864630566,0.006138359417706685,0.022499165402859567
-0.013284529904541764,0.007410529682405409,0.02490251467340343
-0.015180438319935652,0.008182355145521236,0.024480616103614072
-0.01716959495629211,0.00918106873894653,0.021666053491934845
-0.016658807954157973,0.008288438126710651,0.023113537484269586
-0.013820861954693453,0.008005175818784016,0.023371573303884396
-0.01566580850704591,0.007979695566752154,0.02190189006955401
-0.015314663054509237,0.008436724836370368,0.02523528165902189
-0.014435558835061979,0.008640806241881127,0.021087299631811884
-0.01204255365287843,0.009075024209545535,0.024008428853859343
-0.017305169496866002,0.008578760902658411,0.023578568750115436
-0.015163498378381268,0.008647399708693881,0.02411198942876358
-0.013977426279841887,0.008652250885761714,0.024459799230446277
-0.013572897285259788,0.009334211985639218,0.021815266162846902
-0.013507048718182868,0.008219126746986327,0.02684783839012439
-0.012407310714265374,0.009727602944027636,0.022437851611861848
-0.01722382272317924,0.010108217511384576,0.021898302482865062
-0.013431430259283283,0.00961116771593018,0.024845688452239112
-0.015643245188944555,0.009415067660235699,0.021488536523147417
-0.014845088210911572,0.007643207260293661,0.024209341432957054
-0.012368782132171297,0.0073302130013226385,0.023860479109852006
-0.01674010363470002,0.008915962863046523,0.025544568184682204
-0.014257086294703236,0.007974743432998865,0.0231287216767313
-0.011794078717200951,0.00888059203833691,0.023685648716788466
-0.014960493557164778,0.008829639447578197,0.022827915335773774
-0.016836235434351532,0.00802646696539433,0.020885650904531206
-0.014650084397775265,0.00921499090841471,0.023253522994017284
-0.016732979833142814,0.007871454232003194,0.021282553643134805
-0.014895819219383655,0.007585665427135568,0.025272354686892373
-0.015098830104491312,0.010091240407607338,0.023743628022555918
-0.016822649697709413,0.007340279353602486,0.024275187424539046
-0.015368424622033916,0.007981522212305636,0.023230782737191036
-0.019169186625567436,0.00826974891016563,0.023173557867572026
-0.015405687661292022,0.00840145765706668,0.02331551930721265
-0.017623181104791108,0.009421464045186956,0.0228911727806852
-0.016850033016473698,0.010163470899697269,0.02417606824652252
-0.014406969619025656,0.008487248329327901,0.023546759005528384
-0.0121717341638512,0.009514777697448462,0.024927148612889694
-0.01418928778179085,0.00940034994953487,0.02089515568089173
-0.014092577565925968,0.009500913929740618,0.02480509980851653
-0.011162997274677067,0.007580068238703275,0.02063510697661708
-0.015273798392336557,0.009821595838108599,0.02413082938278377
-0.015398461072360647,0.007760098581302999,0.021761245381686445
-0.020472588978225348,0.009834107103708578,0.024027856246393586
-0.017217190479920208,0.008584679571711162,0.023222397806826223
-0.01119533045212362,0.00743598710243365,0.020623867535672358
-0.016919376185861812,0.009035291764016296,0.023706261871316525
-0.014634036560537855,0.008199300539011745,0.026294768474041774
-0.014817527009936993,0.008404209168080934,0.02100123274575949
-0.013722637073964594,0.009101957307398933,0.026935247332277035
-0.013413064492221904,0.008082531341110144,0.024067552635763767
-0.01259880733945784,0.009386232104333314,0.02245134351086897
-0.013573996115926246,0.00926205908506672,0.02344894917204987
-0.010777930676407643,0.008543830331359081,0.02258620637074138
-0.013848711965596894,0.0074941345543326765,0.022050715875445492
-0.011493679394459555,0.007642835759638311,0.023782955742402634
-0.01590319522847894,0.00788328681485051,0.023909237399787675
-0.013110817496230553,0.00782265306727814,0.02423848190173128
-0.011560870928409517,0.00768983888959307,0.023340860856781775
-0.014228082861183156,0.006273847447355485,0.021683543093840685
-0.012582795461287821,0.007616724418178844,0.02226839297251071
-0.016915254919977363,0.00752569951752613,0.01922762025067326
-0.013819426362782217,0.009246559068531002,0.02389846566728626
-0.014952580792280235,0.007020716804934657,0.02384378204462967
-0.011549406757373148,0.008292974984117962,0.022691907230337316
-0.014439657587696164,0.010519893156063165,0.019322007303447464
-0.013914246561776533,0.009124629744919344,0.02566516606461311
-0.011699904271922357,0.008945274569545303,0.023959781328362406
-0.014047382926364538,0.009329703722496419,0.02456301947499051
-0.012723300260469417,0.009600166229584595,0.024137890510162574
-0.015473702818055934,0.006533319442053487,0.022957257548745003
-0.01593597903573385,0.007224257655024213,0.020182439889651183
-0.013992919810529414,0.007899730583283193,0.021657963860706064
-0.014523547633636724,0.0095046477296854,0.0206435578062808
-0.013974091334919003,0.0065370709284814366,0.025447071827325973
-0.015538595179751757,0.009451697075541499,0.024880581336434227
-0.01375516459117676,0.0069721064725671855,0.0226085438722885
-0.015864752622734013,0.0088858729368827,0.022411567734294202
-0.014486855066789261,0.008884683279097194,0.025293922937669078
-0.01434468242870035,0.007640820709740814,0.02435922203738028
-0.0132115805049835,0.009346889995136776,0.024487600874903648
-0.016795470645008637,0.00991952287085085,0.023646008376094874
-0.014181760998655424,0.007839969139148417,0.020721117995231908
-0.012991318279838238,0.008542950249841863,0.02336250581236099
-0.012051177898034782,0.00835226337305739,0.02339435729724093
-0.013486805474125063,0.008795408800140958,0.020034140983062887
-0.016771351337681706,0.008137844562053576,0.023972318937095505
-0.0134142495672116,0.008176949465524053,0.022099501875369576
-0.01309655854891878,0.008992250975182414,0.02184933885440221
-0.014549636207247474,0.0072540632784124925,0.023633099908031086
-0.013722698830811786,0.00903538348990851,0.02140699499447407
-0.0163186691127426,0.0077214993626119055,0.023613461269127778
-0.016553583203406497,0.007404073283046819,0.022012692862416583
-0.014235426493206416,0.007410024477219612,0.025295651765473992
-0.01722424746945106,0.008747579839230357,0.02217284229408001
-0.014488405826048933,0.0094686725442521,0.023284740864378706
-0.014604029404523211,0.007834030824086846,0.02549622578609889
-0.01467741122902877,0.007099736943212975,0.025068619959042637
-0.017057502721952278,0.00737346417800433,0.02355830585030738
-0.01425948448082115,0.008432599111720007,0.023770674875892905
-0.01684352554075863,0.007789553905518054,0.023395736932569466
-0.012453030171480917,0.007982851764577137,0.020851572635407156
-0.012127724143901508,0.008582034408222583,0.023106043915642194
-0.013120215191585571,0.00822023499941038,0.025531615348777792
-0.012101789731040369,0.008327028038490392,0.021729889059480367
-0.014432226208633492,0.006845024399057098,0.023058725891436427
-0.017372602751624666,0.0071735244987950475,0.024254181771462102
-0.011955060319527644,0.007680276291826105,0.021746189356253276
-0.01396200093629918,0.008839066923541639,0.02573416902711889
-0.013553103648719866,0.00878306589036515,0.023854161915589644
-0.01334205271005251,0.008093244961213553,0.024244883722857047
-0.01282897312747211,0.009883669250823068,0.024317580321546406
-0.014872111044743286,0.008965410383238837,0.02242629426151188
-0.01884843209790843,0.00903550701394984,0.025115844232822093
-0.016141777812650027,0.008840718439473871,0.02380394709971445
-0.01758582008484999,0.009528626130563822,0.02336504878966139
-0.01540932494823588,0.0074245651196391815,0.024219061643382278
-0.013263918684723097,0.008801349119653579,0.025071573428340654
-0.013991412788154745,0.010239438783273491,0.022791121007554982
-0.017309940104247912,0.008691078748705672,0.024809739519533913
-0.017552304635080285,0.007857890138242007,0.020929255938936797
-0.010992250645501911,0.009056916959826355,0.02177423576352966
-0.011953092260396758,0.008242871208834046,0.024005072803730987
-0.016938117852327683,0.008487358872770634,0.023401437465018216
-0.014409566116840189,0.009029804368696492,0.022695938353785583
-0.015688090953724032,0.010611145035485214,0.023822909730588204
-0.014503905383993265,0.009809821219522119,0.023838155966765195
-0.017408294531956248,0.009068519170274514,0.025858690473104295
-0.015804074418954706,0.00986887170889239,0.0222389400428199
-0.013151910203764272,0.007250848438691282,0.024850373788442792
-0.014427866407270451,0.007682003138887672,0.02364782303888724
-0.013553175666209727,0.008708497570510954,0.023084075904559187
-0.015226904401089314,0.008145683011006821,0.022734299676515746
-0.01631366194272421,0.008498001957160328,0.023015936211521204
-0.014654252453539462,0.009049458204065775,0.02387795358484346
-0.012746268608196831,0.007861596212506927,0.024579673243282474
-0.012220381261026536,0.0076014688212598935,0.02250854258177526
-0.015128581725216583,0.008554916182808348,0.02264869451709617
-0.01734345369954471,0.009612256832150945,0.02544042493156795
-0.014382697921554222,0.00885589437391543,0.023597427970924456
-0.017329132229407906,0.00805567943086305,0.01981838072065445
-0.014726196831301053,0.008684851317084519,0.02134725484915012
-0.013027778451593863,0.008342060363072279,0.02336043203984195
-0.01615168713469428,0.009159933176184576,0.023171392410177183
-0.017046095640192327,0.009135532028209825,0.024388006316581223
-0.011808252448643253,0.009029334626319052,0.02398525665365736
-0.014149710517832759,0.0095512393998749,0.022675395109179375
-0.01338498780565578,0.008238365952495164,0.021149611239346666
-0.016804934371161484,0.007543117555738332,0.025196542897140795
-0.014450576912143909,0.009741502554890924,0.020701659396542782
-0.014348793817490657,0.00901076095519504,0.026326117494723356
-0.011312709265108634,0.006859874827114143,0.02450867137925139
-0.013577239735891533,0.008299333410442977,0.021739640192633303
-0.016143531882321982,0.00828893580449308,0.02581308451377795
-0.015902804643717294,0.009018766860626193,0.02324378367773594
-0.01684214172845877,0.008706957037548979,0.025518623706110244
-0.01594999295436894,0.007558674871185778,0.026041857494159104
-0.01559615996646646,0.007947592120119973,0.022796603063509613
-0.01684803918779232,0.008037860447219214,0.022626393336679596
-0.014885799181582948,0.0075386891251635335,0.02506484856410629
-0.015166116117479422,0.008944653173392103,0.022064458907391837
-0.016458398493078064,0.008904128968505676,0.023840434225209428
-0.013324018224907141,0.007638526191119599,0.022030424608639132
-0.015804658572758257,0.009884677870204084,0.021194643813880476
-0.014147244167525552,0.010255114309758118,0.022249695618989263
-0.014111779007934033,0.00847287428618948,0.024468914008610065
-0.013323749035353938,0.009500831611715332,0.02597851357087899
-0.015185528923526204,0.008247688850785528,0.02164477352391192
-0.014732698500089625,0.009418257991718582,0.02622793813022606
-0.0173177814223775,0.009279899608363507,0.023905600935239524
-0.015027557732997021,0.01043322329562879,0.024808733986885212
-0.01399198324792239,0.007078874315079475,0.025389319363301688
-0.014543854183754146,0.008850048034396818,0.02376962564884344
-0.01319616873406193,0.008691209825442359,0.024548706170557932
-0.015274527973206609,0.009463503004341511,0.022974196269488156
-0.014646482793060134,0.00977840122636997,0.02415060470104391
-0.011839750630437518,0.00788654436324232,0.022713635619376227
-0.01734309194376349,0.007726941165163814,0.024788369138192823
-0.012676449385224942,0.006162115708005067,0.023453698499513176
-0.01615462798732692,0.009492507601469802,0.02441413352304156
-0.016165673823629212,0.007683581677116025,0.023054683525821185
-0.016608111492448452,0.008681606139412157,0.02411733751876155
-0.016892197454005276,0.008956189953419402,0.022345863797776255
-0.011117172830828581,0.008585200980755991,0.025405122878076725
-0.015812781973914558,0.00909421961949819,0.021499397399598608
-0.014720980083023694,0.009512428696530684,0.0233827952366078
-0.016389940835036865,0.007952643608098553,0.025247898712357886
-0.01595275480101921,0.009235093731216892,0.02118145750731193
-0.014831947192630146,0.009628542604916412,0.02334135007274718
-0.01677893861988,0.00790228109144675,0.022659377293210547
-0.017682530161223453,0.008904585636474449,0.02567176570845009
-0.015801779940747163,0.007856750680080071,0.022329366836675524
-0.016649413827483528,0.00795150311968007,0.020819283566599123
-0.011602181826166458,0.009707997166838234,0.023733104268195526
-0.011496418524183816,0.009362142288273145,0.02076895052623151
-0.0149180183064348,0.009007285893629535,0.023310635628288057
-0.013185343174133113,0.008472464036036853,0.021075098339161102
-0.013751973457526656,0.008732600565614423,0.023971868244172634
-0.015299449311159008,0.008233723686566496,0.022633099198450912
-0.012975234710573491,0.01022743914702795,0.021538869527467863
-0.016393887597517698,0.00947481042505327,0.023305869491895947
-0.012944044892301387,0.008233627612700078,0.025814247571768423
-0.012692587620622975,0.008945416818252339,0.021510196338009546
-0.017702207619337718,0.008459578291318826,0.02219401497612017
-0.016567208492582308,0.007482106586249593,0.021917321455288907
-0.015214747756513436,0.007451775109466818,0.026045749092706294
-0.014727072874799463,0.009688556756623834,0.019671897191403498
-0.011782057913865773,0.008211239899643119,0.022454123067666032
-0.013025131963825043,0.00825387312272563,0.023454299474123252
-0.01592746217434393,0.008249604000961086,0.02665847573345015
-0.01157788600472831,0.007130196425913393,0.023466809288099744
-0.013170933999187673,0.008012090408437311,0.02382722030950324
-0.013965965889290999,0.007485995252406119,0.025792061735112837
-0.015200415345737683,0.009474865074147631,0.023966910661398333
-0.014376629610013514,0.007851856549585423,0.023133727819976135
-0.01537919714960112,0.00933172966437934,0.021291432054946546
-0.012800762195261606,0.009791706348731943,0.023332261954340572
-0.014260090163763839,0.009403453575992815,0.023396852628513654
-0.014215555954010473,0.009059644291203206,0.02546040451613807
-0.014496366976118669,0.009855819993125348,0.023066362382726302
-0.010975839809471255,0.008495496562183291,0.023214231356988968
-0.01602111200521461,0.00815298590274005,0.02174992977705703
-0.01367375263488646,0.009202893006585167,0.024230426517385828
-0.012512248496056255,0.007722243646162585,0.023218928046763954
-0.011287087963826159,0.008568886452690605,0.02369256576895329
-0.012264329436471821,0.0072712653346644895,0.021670851527875623
-0.01498342816977638,0.007807956284237139,0.025465891293215304
-0.014481607284146603,0.006522105393767852,0.02574152108707417
-0.014349623155292424,0.008275509035018724,0.02331551566020118
-0.018043938711551966,0.006726401316678454,0.019677176117098627
-0.016947370657321548,0.008890133835497638,0.024999001411520005
-0.013277608607713876,0.010539279667588275,0.02335732511804045
-0.017625429438400064,0.008490530049513612,0.026080128885268228
-0.012634652744389907,0.009569431454261479,0.025269929158116655
-0.01507994085409503,0.008386768759490515,0.022597612860579264
-0.013239289811374455,0.006991845817404974,0.025326101184929728
-0.016221401488061615,0.00728305583828559,0.02463028217412655
-0.018172219112812416,0.009467024700371418,0.022742196859124708
-0.016101973833055117,0.008030647819726178,0.024880437978760384
-0.012711681535000685,0.008478687825087539,0.0221176095363248
-0.012721891011633124,0.009965844040791483,0.02282540334979033
-0.013440105637927857,0.006492806634337045,0.022293336211878345
-0.01577321678508159,0.008764472059352713,0.023053485518303662
-0.014306474692334814,0.008841925030696585,0.025176042211287886
-0.015180770315874614,0.007601492794102271,0.023497660345136118
-0.01659874559003527,0.007520360217054822,0.025906733837484097
-0.016249998017589085,0.008809254359952612,0.022462482457353383
-0.014815988192377949,0.00949690379143242,0.02404099655348957
-0.016509213645546472,0.008603477305469509,0.021985301596586626
-0.01336421940776411,0.008623675793385854,0.022447774729241532
-0.015456678164634696,0.007981275799622378,0.02363481970256376
-0.014685199225271561,0.008987859122717157,0.025548568026589447
-0.012761499591646408,0.00941789293824069,0.023416600276018662
-0.014113808491886481,0.007726609411094487,0.022690752918435364
-0.015539890862019123,0.009427804154075958,0.021393415849349395
-0.014815195185623908,0.009696477678984405,0.026348534750723185
-0.01154278464384173,0.00774677050051964,0.020449915920006334
-0.017268482215883507,0.008914454025313434,0.02293362022966472
-0.017034697425254985,0.00751943337361638,0.02214189666010624
-0.015858831511042726,0.010522450867559319,0.022904282106376517
-0.015956172639758015,0.009370414285025053,0.026380639101329484
-0.01497739262181319,0.00815438654523526,0.023563943639157037
-0.012257452626841081,0.008085975075939666,0.025724523140884914
-0.016241455323733223,0.00963225832493464,0.023050446485079923
-0.012624988803351389,0.00863652042952856,0.024031733272470435
-0.014083450333685077,0.007712526067675918,0.024951537551185177
-0.01631141930502289,0.0081649042008054,0.025092734860606813
-0.012252225134493755,0.007847838615985814,0.024503412935071522
-0.009689647502757248,0.008460418244327528,0.022106529550291576
-0.015762633947841054,0.009440603208164422,0.02167251941561077
-0.015508127921633696,0.00806359038115223,0.022778611092928114
-0.014517650243911717,0.008473838761386077,0.02257882506400022
-0.011668079859229352,0.007778693529205349,0.024466945050383493
-0.016163094894917407,0.009552303849092225,0.02054352355476774
-0.015514681938238906,0.007759229945904389,0.023586992513373706
-0.013507613960432652,0.008562813168440764,0.022596208910371285
-0.015050548602710379,0.00824700571346626,0.023877971876079984
-0.014546361154854082,0.008657633980199808,0.02338293699736571
-0.014085905815140909,0.008370824870564286,0.022885082655032862
-0.01537550408975219,0.008360748741872426,0.02125369371054675
-0.015423937078302918,0.008514829477962893,0.02216863531107216
-0.013960090825791527,0.007920802880087452,0.024006586038846867
-0.015050666222869546,0.007818149290885978,0.02552831024448532
-0.015444180371851357,0.009535297779926677,0.02246218355462437
-0.01421474734818895,0.00813436039434745,0.022294354016155093
-0.012942217204075845,0.008487595326314157,0.02453086200096244
-0.016396134900009685,0.0082398943025912,0.022953187615685988
-0.015855123579478603,0.0065176458711679874,0.022124607739388957
-0.014298937927566646,0.007526230709474779,0.024485978002229403
-0.015131961490556955,0.008558479050453704,0.02269794889968002
-0.013645221099631732,0.00813674111161089,0.02212666326228241
-0.01610300853836011,0.009818787261252737,0.020853064797865528
-0.014715730534305083,0.00842901285515929,0.023660703614835632
-0.016127932577314152,0.00864859699982412,0.021832207331402453
-0.013092016058684042,0.007956632641788586,0.022625599872696744
-0.01675267049566953,0.00923016614672345,0.0215916125863288
-0.018087676794598107,0.00755707110624515,0.02173083482217064
-0.01412454739429203,0.00867961200891687,0.023773639360098575
-0.016353019800083524,0.008001633411582443,0.021939094532976045
-0.016536933908697038,0.008443232998815997,0.02299189108347577
-0.017679382651328512,0.009806933206096602,0.022192829219086163
-0.012912570240158905,0.007830831884378386,0.02350274975782929
-0.014266341227511914,0.007461098217466655,0.023306128184168662
-0.01630842019284584,0.007873852678154547,0.024467532260984415
-0.012058729872196916,0.008026255618852729,0.020695192749162206
-0.015106984584433047,0.008941643490939843,0.024210114660777937
-0.013382860402612051,0.006918485932203344,0.025483224439878716
-0.01855787539957765,0.007597804759325699,0.024794373666352176
-0.016185678227949918,0.00876747920484422,0.023901860952803666
-0.013062233661218836,0.009925702749578602,0.025623438938737197
-0.015709529456913507,0.009245533252353444,0.02250746487858668
-0.01765646834148027,0.007532642620311725,0.025371595258511737
-0.01579487444724703,0.007907031688382804,0.02262735414488659
-0.015943031012544795,0.006104151591825868,0.02300640266425602
-0.013932408027949483,0.009379711097592391,0.023784902519401907
-0.013440977122950226,0.00866654860364191,0.022485670438031957
-0.012397896486719628,0.008932137515453964,0.023797674179080408
-0.012967761791855659,0.008381238238346467,0.021757621531578897
-0.014367691424780449,0.007697969074887179,0.02382896580139926
-0.011701831310617972,0.008984338842315087,0.02357718381901719
-0.015217200677859144,0.0078040599241643305,0.023539279341822206
-0.01654978143576269,0.007886678355346732,0.022484864891170075
-0.013045234575132403,0.00895591314002031,0.024803363796454092
-0.014269537988867653,0.006876687273925874,0.025733151105173935
-0.015011946706568802,0.009441228215448572,0.02447231206466116
-0.013781235194109787,0.007554300680501336,0.02469467660015756
-0.017176091102907298,0.008238876657443939,0.025228510774756074
-0.01596090043475018,0.008311107999730116,0.02380327749803124
-0.014950178613207687,0.007821802438192083,0.024910067814052028
-0.016131502792383068,0.006562389345581288,0.02083926857936058
-0.017389195207514363,0.008388398076262571,0.024007202517088877
-0.016955055960606646,0.005881749830200622,0.0214017041793787
-0.014364162803411018,0.009034290234667286,0.02465959972768239
-0.01404634094154289,0.00949206300751626,0.023644729675803
-0.01372743008137911,0.006962584707280284,0.024072567945153778
-0.015716807245836018,0.008827521821379025,0.023185910483480843
-0.015519931426787759,0.009852085598520688,0.02440659787463828
-0.015918890699958,0.008252212303339834,0.024551928834473324
-0.016257747230576824,0.008930864929642013,0.024793103335659983
-0.013010928714152659,0.009560697034181609,0.024943631898937113
-0.017405589985448833,0.010103621022955367,0.019639623029345743
-0.014636756319135413,0.008296461145357092,0.02252638709141419
-0.015407635361474492,0.007080823817270598,0.022379437849112338
-0.011978555137086122,0.007313924592646237,0.024214738232874455
-0.011599513550512808,0.008284667872739293,0.023888431237078733
-0.01119896796652009,0.008686501114634537,0.023145142239415217
-0.012415197787086774,0.0071319205219225745,0.023368356210639152
-0.013542927581752906,0.008641790019424889,0.022803191614111706
-0.01430099543633745,0.008668019219630785,0.023942231437121486
-0.013224466878742125,0.009896218637949983,0.024139648040055417
-0.012801541151629015,0.009015722093425826,0.023236049201846742
-0.014084427192440185,0.008579592810453951,0.022614854488455682
-0.014875683515140459,0.007876164490408066,0.025206427894604033
-0.014079365349113027,0.007493936236744436,0.025242153579864368
-0.01202775363596309,0.008092292279730962,0.021931683593326312
-0.014063346398955345,0.010522013759035276,0.02571010880388258
-0.016675333579205476,0.006504834708144114,0.022007028613833413
-0.011786335723128927,0.008064576921148037,0.02374668315067574
-0.014644275219853675,0.009737269240786328,0.025010234498128003
-0.015213380983683744,0.008788230720888968,0.02317375212780337
-0.01577676767506775,0.006684563891691253,0.024485905106444772
-0.015178201218777443,0.008504784731825699,0.022261797693265528
-0.015864845624918744,0.008051127716748763,0.021055172277562928
-0.01950771220121217,0.008060627425567679,0.022367521506353016
-0.015952335246946836,0.008993147630265153,0.02396413938141706
-0.011931321068946454,0.007837187409160284,0.02059659461818253
-0.014301600000792836,0.009044758961873511,0.022771772963389725
-0.011653799757633476,0.008720836971116475,0.02062803056238427
-0.014732885789195405,0.009096619252959903,0.025510087158927552
-0.010918978579053773,0.008297713566207232,0.024047867404385248
-0.014565761511360242,0.007749804570816532,0.02138164266300302
-0.01360818311309342,0.008785947259809523,0.02231035627609934
-0.015318052237246249,0.007995622342835684,0.022807070671675533
-0.015301782920650209,0.00978349120156674,0.026368352935599804
-0.0165553705431446,0.007498083681664269,0.022160476160885012
-0.015502880855662982,0.008436300749301684,0.020487212429036172
-0.014424310631284909,0.0075627785874661235,0.024263153036359175
-0.014032906723636884,0.008841694846436599,0.024406603445789155
-0.015574544675207469,0.008864365802685015,0.02440072083673206
-0.013511941422046148,0.009206042132693604,0.026282424586408948
-0.014923430914503322,0.009186428415976167,0.02156350848779065
-0.012663378545312631,0.008195216925497628,0.023655540568616296
-0.015241858986210555,0.008840703431927666,0.022311033959759197
-0.018517320774834256,0.0070603132334535745,0.021781895524744632
-0.0136951565401765,0.007573689178940302,0.022413309702710382
-0.01651801642698547,0.008564147492531093,0.023080623354979846
-0.014162566002067667,0.007413568017184402,0.025829830145654542
-0.015033739287674486,0.008062892303728586,0.026240280129932736
-0.01504884019024022,0.010114161428148138,0.0222473356832954
-0.016154957754977217,0.009838694599502817,0.02322142494938062
-0.014975189266825728,0.008774135080016898,0.023844506572638924
-0.011564756680410682,0.008179305735840137,0.020363750695314375
-0.015996237748126974,0.009213746065041883,0.021546917263403742
-0.014305723329588571,0.008415806516338886,0.02528900696853309
-0.01608718724831837,0.010090107384856384,0.023810071449859138
-0.015399276740450274,0.008545756266799542,0.021538429363868627
-0.015541382879314836,0.006588687921091019,0.023266764205230328
-0.01383033670776912,0.007695145575235873,0.021965401128455242
-0.015648235367578867,0.008679314537132665,0.021193021692655023
-0.015723302099005743,0.00807969305817502,0.0259291623179001
-0.014249246760982492,0.008487849302123762,0.02291345841957415
-0.01479461886826583,0.00909015018903414,0.023181226470799676
-0.018720526189111797,0.008932321865785298,0.02148437160230543
-0.016801334754994346,0.00905911253157421,0.025011323283336773
-0.018254761130811925,0.00870518124765185,0.024804477955157056
-0.012207281305528395,0.007933031588876704,0.02378360491876985
-0.014419793445074047,0.007962484778153311,0.02413071611867945
-0.00976620973760478,0.0102427714152733,0.02393659768353751
-0.016941422416340224,0.008449754612542604,0.020887957278211244
-0.01552195540084833,0.008000409663560304,0.025315851749528218
-0.014746771991959617,0.008509343818872472,0.0247065080930704
-0.014307789655356618,0.008355116097788495,0.0227517395711061
-0.01318246316819316,0.006793480511400052,0.02252411543426791
-0.014387128057947729,0.009939840556625112,0.022133435357387987
-0.013988482881463593,0.008225091393654793,0.021943054521770033
-0.014468431729459219,0.0076584381733340035,0.025260084836649654
-0.012933759034439496,0.0077442141909197515,0.02327918474218016
-0.011855513767239811,0.007314965786678784,0.02091692452526106
-0.018421650551713187,0.009532500389600185,0.024756334692009996
-0.01446956997587645,0.008136285478256067,0.025406660638878642
-0.015674976987862577,0.009163224104926981,0.025294876959582657
-0.012853732946471297,0.008638739414981389,0.023791780584705657
-0.016985541079253985,0.008632596337509235,0.02210077919329545
-0.01649579877355245,0.007960294458788209,0.022506113127649274
